product_name,sku,category,price,compare_at_price,product_url
&Honey 限定洗护套装 玉桂狗,4589546896477,loyalty-cards,49.70,49.70,https://slptrading.com.au/products/honey-shampoo-sanrio-treatment-oil-cleansing-balm-cinnamoroll-limited-set-2024
slp,,loyalty-cards,29.00,,https://slptrading.com.au/products/slp
DHC 润唇膏 1.5g (6),4511413302163,个人护理/Personal Care,8.50,8.50,https://slptrading.com.au/products/dhc润唇膏-1-5g-6
EBISU 儿童牙刷Kitty 2-6岁1支（12/组）,4901221032022,个人护理/Personal Care; 特价/special price,1.40,1.50,https://slptrading.com.au/products/ebisu儿童牙刷kitty-2-6岁-12支-组
EBISU 哆啦A梦儿童牙刷 6岁以上1支（12/组）,4901221862629,个人护理/Personal Care; 特价/special price,1.40,1.50,https://slptrading.com.au/products/ebisu-哆啦a梦儿童牙刷-6岁以上-12支-组
EBISU 普通牙刷 6列 61软毛1支（12/组）,4901221360101,个人护理/Personal Care,2.80,2.80,https://slptrading.com.au/products/ebisu普通牙刷-6列-61软毛-12
ITO 便携卸妆洁面棉柔巾 15枚入,4573267334226,个人护理/Personal Care; 特价/special price,1.95,2.15,https://slptrading.com.au/products/ito-便携卸妆洁面棉柔巾-15枚入
ITO 洗脸巾卷 (60),4573267336961,个人护理/Personal Care,5.00,5.00,https://slptrading.com.au/products/ito-洗脸巾卷-60
ITO 绵柔弹力湿敷巾 200枚入,4573267336725,个人护理/Personal Care,3.30,3.30,https://slptrading.com.au/products/ito-绵柔弹力湿敷巾-200枚入
KAI贝印 Hello Kitty 001不锈钢指甲剪（盒柜6）,4901601255768,个人护理/Personal Care; 特价/special price,6.00,7.00,https://slptrading.com.au/products/kai贝印-hello-kitty-不锈钢指甲剪
LION 狮王儿童漱口水 草莓味 250ml,4903301231141,个人护理/Personal Care,5.00,5.00,https://slptrading.com.au/products/lion-狮王儿童漱口水-草莓味-250ml
LION 狮王儿童漱口水 葡萄味 250ml,4903301099277,个人护理/Personal Care,5.00,5.00,https://slptrading.com.au/products/lion-狮王儿童漱口水-葡萄味-250ml
LION狮王美白牙膏150g (10),4903301186403,个人护理/Personal Care,2.10,2.10,https://slptrading.com.au/products/lion狮王美白牙膏150g-10
LOSHI 尿素保湿乳霜 220g,4936201107759,个人护理/Personal Care,4.99,4.99,https://slptrading.com.au/products/loshi-尿素保湿乳霜-220g
Lucky Trendy足膜 6包/组,4537715991676,个人护理/Personal Care,13.20,13.20,https://slptrading.com.au/products/lucky-trendy足膜-6
MARVIS 琥珀色酸甜牙膏 75ML （12）,8004395111640,个人护理/Personal Care,14.00,14.00,https://slptrading.com.au/products/marvis-琥珀色酸甜牙膏-75ml-12
OKINA 果冻型便携式漱口水 柑橘味14ml*10粒入 (6),4525802008031,个人护理/Personal Care,3.90,3.90,https://slptrading.com.au/products/okina-果冻型便携式漱口水-柑橘味14ml-10粒入-6
OKINA 果冻型便携式漱口水 玫瑰味14ml*10粒入 (6),4525802008024,个人护理/Personal Care,3.90,3.90,https://slptrading.com.au/products/okina-果冻型便携式漱口水-玫瑰味14ml-10粒入-6
okuchi 漱口水 柠檬味11 mL×6本,4562384603179,个人护理/Personal Care,2.60,2.60,https://slptrading.com.au/products/okuchi-漱口水-柠檬味11-ml-6本
okuchi 漱口水 樱桃   11 mL×5本,4562384606163,个人护理/Personal Care,2.60,2.60,https://slptrading.com.au/products/ookuchi-漱口水-樱桃-11-ml-5本
okuchi 漱口水 青柠薄荷11mL×5本,4562384604831,个人护理/Personal Care,2.60,2.60,https://slptrading.com.au/products/okuchi-漱口水-青柠薄荷11ml-5本
PIAFLOSS新款耳洞清洁线 薄荷味60本入,4521947001647,个人护理/Personal Care; 特价/special price,3.99,4.20,https://slptrading.com.au/products/piafloss新款耳洞清洁线-薄荷味60本入
Pitta儿童口罩3枚入,4987009157408,个人护理/Personal Care,7.50,7.50,https://slptrading.com.au/products/pitta儿童口罩3枚入
Sagami 幸福001 5只入 (12),4974234619399,个人护理/Personal Care,12.50,12.50,https://slptrading.com.au/products/sagami-幸福001-5只入-12
Skater 幼儿牙刷 3-5岁用 迪士尼公主 3支入（盒规：12）,4973307630880,个人护理/Personal Care,5.50,5.50,https://slptrading.com.au/products/skater-幼儿牙刷-3-5岁用-迪士尼公主-3支入
Sunstar GUM 牙周护理牙线蓝色（3）,4901616210714,个人护理/Personal Care,6.90,6.90,https://slptrading.com.au/products/sunstar-牙周护理牙线蓝色
UVCUT 冷感防晒时尚围脖黑,4571414679695,个人护理/Personal Care,8.50,8.50,https://slptrading.com.au/products/uvcut-冷感防晒时尚围脖黑
UVCUT可折叠遮阳帽(黑色x波点)12CM,4571414679824,个人护理/Personal Care,10.97,10.97,https://slptrading.com.au/products/uvcut可折叠遮阳帽黑色x波点12cm
YUSKIN 悠斯晶保湿滋润唇炎膏 8.5G （26.10）,4987353120004,个人护理/Personal Care,9.50,9.50,https://slptrading.com.au/products/yuskin-悠斯晶保湿滋润护唇膏-8-5g
冈本001安全套L码 3枚入 (12),4547691775122,个人护理/Personal Care,9.00,9.00,https://slptrading.com.au/products/日本冈本001安全套l码-3枚入-12
冈本001安全套润滑版  3枚入 (12),4547691765772,个人护理/Personal Care,9.00,9.00,https://slptrading.com.au/products/日本冈本001安全套润滑版-3枚入-12
冈本002安全套6枚入（12）（29.12）,4547691710499,个人护理/Personal Care,8.50,8.50,https://slptrading.com.au/products/日本冈本002安全套6枚入
大创DAISO 抗菌纸轴棉签 黑色 180个入,4550480325422,个人护理/Personal Care,2.30,2.30,https://slptrading.com.au/products/大创daiso-抗菌纸轴棉签-黑色-180个入
大创DAISO 纸轴棉签 200个入,4549131301243,个人护理/Personal Care,2.30,2.30,https://slptrading.com.au/products/大创daiso-纸轴棉签-200个入
大创DAISO 纸轴棉签 60个入,4550480507934,个人护理/Personal Care,1.80,1.80,https://slptrading.com.au/products/大创daiso-纸轴棉签-80个入
大创DAISO 螺旋棉签 200个入,4549131078213,个人护理/Personal Care,2.30,2.30,https://slptrading.com.au/products/大创daiso-螺旋棉签-200个入
大创DAISO 螺旋纸轴棉签 180个入,4550480325255,个人护理/Personal Care,2.30,2.30,https://slptrading.com.au/products/大创daiso-螺旋纸轴棉签-180个入
小林制药 护足膏 脚跟角质软化修复保湿膏防干裂,4987072011447,个人护理/Personal Care,8.60,8.60,https://slptrading.com.au/products/小林制药护足膏-脚跟角质软化修复保湿膏防干裂
日本ora2口气清新剂桃子6ml (6),4901616011762,个人护理/Personal Care,2.90,2.90,https://slptrading.com.au/products/日本ora2口气清新剂桃子6ml-6
日本ora2口气清新剂清香柑橘味6ml (6),4901616008854,个人护理/Personal Care,2.90,2.90,https://slptrading.com.au/products/日本ora2口气清新剂清香柑橘味6ml-6
日本ora2口气清新剂西柚6ml (6),4901616008861,个人护理/Personal Care,2.90,2.90,https://slptrading.com.au/products/日本ora2口气清新剂西柚6ml-6
日本ora2口气清新剂覆盆子6ml (6),4901616010215,个人护理/Personal Care,2.90,2.90,https://slptrading.com.au/products/日本ora2口气清新剂覆盆子6ml-6
日本比那氏蜂胶漱口水 樱花600ml (30),4966680246977,个人护理/Personal Care,8.90,8.90,https://slptrading.com.au/products/日本比那氏蜂胶漱口水-樱花600ml-30
曼秀雷敦保湿防干裂护唇膏 4g（20）,4987241105052,个人护理/Personal Care; 特价/special price,3.00,6.50,https://slptrading.com.au/products/曼秀雷敦保湿防干裂护唇膏
树之惠足贴 西柚香款2pc（20/组）,4975729200979,个人护理/Personal Care,2.00,2.00,https://slptrading.com.au/products/树之惠足贴-西柚香款2pc
树之惠足贴30枚入 (铁元素粉),4975729200870,个人护理/Personal Care,19.10,19.10,https://slptrading.com.au/products/树之惠足贴30枚铁元素粉
树之惠足贴30枚入（艾草绿色）,4975729200900,个人护理/Personal Care,22.00,19.10,https://slptrading.com.au/products/树之惠足贴30枚入艾草绿色
狮王极细毛牙刷(粉色) (6),4903301176619,个人护理/Personal Care,4.10,4.10,https://slptrading.com.au/products/狮王极细毛牙刷粉色-6
狮王泡沫洗手液粉色果香 250ML （20）,4903301240990,个人护理/Personal Care,4.30,4.30,https://slptrading.com.au/products/狮王泡沫洗手液粉色果香-20
狮王泡沫洗手液紫色 250ML （20）,4903301176909,个人护理/Personal Care,4.30,4.30,https://slptrading.com.au/products/狮王泡沫洗手液紫色-20
狮王泡沫洗手液补充装 水果香450ml （16）,4903301241010,个人护理/Personal Care,5.20,5.20,https://slptrading.com.au/products/狮王泡沫洗手液补充装-水果香450ml-16
花王 乐而雅日用卫生巾带护翼22.5cm*20片 （18）,4901301282743,个人护理/Personal Care,5.30,5.30,https://slptrading.com.au/products/花王-乐而雅日用卫生巾带护翼22-5cm-20片-18
花王 乐而雅日用卫生巾带护翼25cm*17片 （18）,4901301378422,个人护理/Personal Care,5.30,5.30,https://slptrading.com.au/products/花王-乐而雅日用卫生巾带护翼25cm-17片-18
花王 乐而雅瞬吸夜用卫生巾30CM 10枚 （18）,4901301262875,个人护理/Personal Care,5.30,5.30,https://slptrading.com.au/products/花王-乐而雅瞬吸夜用卫生巾30cm-10枚-18
花王 乐而雅素肌夜用卫生巾 35CM 8片（16/箱）,4901301350008,个人护理/Personal Care,5.30,5.30,https://slptrading.com.au/products/花王-乐而雅素肌夜用卫生巾-35cm-8片
花王 乐而雅肌肤系列卫生巾 20.5CM 20枚入（32/箱）,4901301392374,个人护理/Personal Care,2.90,2.90,https://slptrading.com.au/products/花王-乐而雅肌肤系列卫生巾-20-5cm-20枚入
花王 卫生巾17CM38枚入 （18）,4901301254269,个人护理/Personal Care,5.30,5.30,https://slptrading.com.au/products/花王姨妈巾17cm38枚入-16
花王 卫生巾20.5CM28枚入（16）,4901301254252,个人护理/Personal Care,5.30,5.30,https://slptrading.com.au/products/花王-姨妈巾20-5cm28枚入-16
花王 卫生巾25CM18枚入 花香 （16）,4901301306326,个人护理/Personal Care,5.30,5.30,https://slptrading.com.au/products/花王姨妈巾25cm18枚入-花香-16
花王 卫生巾40CM11枚入 （16）,4901301336453,个人护理/Personal Care,5.30,5.30,https://slptrading.com.au/products/花王-姨妈巾40cm11枚入-16
花王 泡沫洗手液 猫爪 240ML（箱柜：12）,4901301451316,个人护理/Personal Care,7.90,7.90,https://slptrading.com.au/products/花王-泡沫洗手液-猫爪
花王 泡沫洗手液粉色 （12）,4901301416032,个人护理/Personal Care,4.50,4.50,https://slptrading.com.au/products/花王-泡沫洗手液粉色-12
花王 泡沫洗手液蓝色 （12）,4901301415981,个人护理/Personal Care,4.50,4.50,https://slptrading.com.au/products/花王-泡沫洗手液蓝色-12
花王蒸汽眼罩无香12枚入 （12）,4901301460547,个人护理/Personal Care,13.00,12.75,https://slptrading.com.au/products/花王蒸汽眼罩无香12枚入-12
花王蒸汽眼罩木质香12枚入 （12）,4901301455277,个人护理/Personal Care,13.00,13.00,https://slptrading.com.au/products/花王蒸汽眼罩木质香12枚入-12
花王蒸汽眼罩柚子12枚入 （12）,4901301460639,个人护理/Personal Care,13.00,12.75,https://slptrading.com.au/products/花王蒸汽眼罩柚子12枚入-12
花王蒸汽眼罩洋甘菊12枚入 （12）,4901301460608,个人护理/Personal Care,13.00,12.75,https://slptrading.com.au/products/花王蒸汽眼罩洋甘菊12枚入-12
花王蒸汽眼罩金木樨12枚入 （12）,4901301455260,个人护理/Personal Care; 新品/New Arrival,13.00,13.00,https://slptrading.com.au/products/花王蒸汽眼罩金木樨12枚入-12
花王蒸汽腰背贴8枚入 （24）,4901301236876,个人护理/Personal Care,8.90,8.90,https://slptrading.com.au/products/花王蒸汽腰背贴8枚入-24
资生堂 尿素护手霜100g,49325263,个人护理/Personal Care,6.50,6.50,https://slptrading.com.au/products/资生堂-尿素护手霜100g
黑魔法棉柔洗脸巾 72抽入,6974816980181,个人护理/Personal Care; 特价/special price,5.20,5.50,https://slptrading.com.au/products/黑魔法棉柔巾-72抽入
黑魔法洗脸巾卷 （64）,6971037525412,个人护理/Personal Care,5.50,5.50,https://slptrading.com.au/products/黑魔法洗脸巾卷-64
SKATER 抗菌双层便当盒含保温袋 LIVE NATURE,4973307493720,保温系列/Thermos Series,22.00,22.00,https://slptrading.com.au/products/skater-抗菌双层便当盒含保温袋-live-nature
SKATER 抗菌双层便当盒含保温袋 米菲兔,4973307530036,保温系列/Thermos Series,31.50,31.50,https://slptrading.com.au/products/skater-抗菌双层便当盒含保温袋-米菲兔
THERMOS 膳魔师保温杯 JNR-502 薄荷绿 500ml,4562344379779,保温系列/Thermos Series,35.00,35.00,https://slptrading.com.au/products/日本膳魔师保温杯500ml
日本膳魔师保温杯335ml,4562344364300,保温系列/Thermos Series,29.00,29.00,https://slptrading.com.au/products/日本膳魔师保温杯335ml
膳魔师双把手吸管保冷杯350ML 灰色,4562344388597,保温系列/Thermos Series,55.00,55.00,https://slptrading.com.au/products/膳魔师双把手吸管保冷杯350ml-灰色
膳魔师真空隔热保温杯350ML 军绿色 12,4562344390101,保温系列/Thermos Series,38.67,38.67,https://slptrading.com.au/products/膳魔师真空隔热保温杯350ml-军绿色-12
膳魔师真空隔热保温杯500ML 军绿色 12,4562344390163,保温系列/Thermos Series,41.83,41.83,https://slptrading.com.au/products/膳魔师真空隔热保温杯500ml-军绿色-12
膳魔师真空隔热保温杯500ML 灰黑色 12,4562344390156,保温系列/Thermos Series,41.83,41.83,https://slptrading.com.au/products/膳魔师真空隔热保温杯500ml-灰黑色-12
膳魔师真空隔热保温杯500ML 珍珠蓝 12,4562344390194,保温系列/Thermos Series,41.83,41.83,https://slptrading.com.au/products/膳魔师真空隔热保温杯500ml-珍珠蓝-12
膳魔师真空隔热马克杯380ML 靛蓝色 12,4562344389358,保温系列/Thermos Series,34.67,34.67,https://slptrading.com.au/products/膳魔师真空隔热马克杯380ml-靛蓝色-12
虎牌保温杯350ML 紫梅,4904710435335,保温系列/Thermos Series,77.00,77.00,https://slptrading.com.au/products/虎牌保温杯350ml-紫梅
虎牌保温杯350ML 薄荷绿,4904710435328,保温系列/Thermos Series,77.00,77.00,https://slptrading.com.au/products/虎牌保温杯350ml-薄荷绿
虎牌保温杯350ML 黄色,4904710435311,保温系列/Thermos Series,77.00,77.00,https://slptrading.com.au/products/虎牌保温杯350ml-黄色
虎牌保温杯500ML 亮紫色 20,4904710436455,保温系列/Thermos Series,48.17,48.17,https://slptrading.com.au/products/虎牌保温杯500ml-亮紫色-20
虎牌保温杯500ML 磨砂白 20,4904710436493,保温系列/Thermos Series,48.17,48.17,https://slptrading.com.au/products/虎牌保温杯500ml-磨砂白-20
虎牌保温杯500ML 黑色 20,4904710436479,保温系列/Thermos Series,48.17,48.17,https://slptrading.com.au/products/虎牌保温杯500ml-黑色-20
象印 SM-WG48 TUFF 不锈钢保温杯 美人鱼蓝色 480ml,4974305221407,保温系列/Thermos Series,39.00,39.00,https://slptrading.com.au/products/象印-sm-wg48-tuff-不锈钢保温杯-美人鱼蓝色-480ml
象印 SM-WG48-WZ TUFF 不锈钢保温杯 梦幻独角兽白色 480ml,4974305221391,保温系列/Thermos Series,39.00,39.00,https://slptrading.com.au/products/象印-sm-wg48-wz-tuff-不锈钢保温杯-梦幻独角兽白色-480ml
象印一键式不锈钢马克杯600ML 卡其色,4974305223746,保温系列/Thermos Series,57.00,57.00,https://slptrading.com.au/products/象印一键式不锈钢马克杯600ml-卡其色
象印一键式不锈钢马克杯600ML 海军蓝,4974305223739,保温系列/Thermos Series,57.00,57.00,https://slptrading.com.au/products/象印一键式不锈钢马克杯600ml-海军蓝
象印一键式不锈钢马克杯600ML 牛油果绿 12,4974305219909,保温系列/Thermos Series,39.33,39.33,https://slptrading.com.au/products/象印一键式不锈钢马克杯600ml-牛油果绿-12
象印不锈钢保温杯600ML 淡白色 12,4974305219725,保温系列/Thermos Series,42.67,42.67,https://slptrading.com.au/products/象印不锈钢保温杯600ml-淡白色-12
象印不锈钢保温杯600ML 藏青色 12,4974305219718,保温系列/Thermos Series,42.67,42.67,https://slptrading.com.au/products/象印不锈钢保温杯600ml-藏青色-12
象印不锈钢马克杯 名侦探柯南系列480ML  安室透米色 12,4974305221575,保温系列/Thermos Series,38.33,38.33,https://slptrading.com.au/products/象印不锈钢马克杯-名侦探柯南系列480ml-安室透米色-12
象印不锈钢马克杯 名侦探柯南系列480ML 怪盗基德白色 12,4974305221582,保温系列/Thermos Series,38.33,38.33,https://slptrading.com.au/products/象印不锈钢马克杯-名侦探柯南系列480ml-怪盗基德白色-12
象印不锈钢马克杯 名侦探柯南系列480ML 江户川柯南蓝色 12,4974305221544,保温系列/Thermos Series,38.33,38.33,https://slptrading.com.au/products/象印不锈钢马克杯-名侦探柯南系列480ml-江户川柯南蓝色-12
象印不锈钢马克杯 名侦探柯南系列480ML 赤井秀一玫红色 12,4974305221568,保温系列/Thermos Series,38.33,38.33,https://slptrading.com.au/products/象印不锈钢马克杯-名侦探柯南系列480ml-赤井秀一玫红色-12
象印不锈钢马克杯 名侦探柯南系列480ML灰原哀粉色 12,4974305221551,保温系列/Thermos Series,38.33,38.33,https://slptrading.com.au/products/象印不锈钢马克杯-名侦探柯南系列480ml灰原哀粉色-12
象印不锈钢马克杯 珍珠奶茶姑娘,4974305223593,保温系列/Thermos Series,64.17,64.17,https://slptrading.com.au/products/象印不锈钢马克杯-珍珠奶茶姑娘
象印儿童一键式不锈钢保温杯480ML 独角兽紫 12,4974305221285,保温系列/Thermos Series,57.00,57.00,https://slptrading.com.au/products/象印儿童一键式不锈钢保温杯480ml-独角兽紫-12
象印儿童保温杯恐龙蓝色480ml 12,4974305221261,保温系列/Thermos Series,57.00,57.00,https://slptrading.com.au/products/象印儿童保温杯恐龙蓝色480ml-12
象印冰灰色保温杯600ml 12,4974305219916,保温系列/Thermos Series,41.30,41.30,https://slptrading.com.au/products/象印冰灰色保温杯600ml-12
DHC 护眼蓝莓精华 缓解眼部疲劳 20日（27.04）,4511413401521,健康酵素/Health Care,6.90,6.90,https://slptrading.com.au/products/dhc护眼蓝莓精华-缓解眼部疲劳-20日
DHC 瘦腿丸 20日 plus（盒规：5）（28.02）,4511413407998,健康酵素/Health Care,9.64,,https://slptrading.com.au/products/dhc-瘦腿丸-20日-plus
onaka 瘦肚丸 60粒（27.09）,4571139244314,健康酵素/Health Care,20.60,20.60,https://slptrading.com.au/products/onaka-瘦肚丸-60粒
SVELTY丝蓓缇 3倍加强糖质分解酵母酵素 100粒（27.06）,4562189171576,健康酵素/Health Care,36.00,36.00,https://slptrading.com.au/products/svelty丝蓓缇-3倍加强糖质分解酵母酵素-100粒
久光贴 40mg 7枚入（27.06）,4987188201244,健康酵素/Health Care,7.50,7.50,https://slptrading.com.au/products/久光贴-40mg-7枚入
乐敦ROHTO 湿疹膏 8g (12)（28.04）,4987241173471,健康酵素/Health Care,20.50,20.50,https://slptrading.com.au/products/乐敦rohto-湿疹膏-8g-12
乐敦ROHTO 结膜炎治疗 抗菌眼药水  0.5mL×20本（盒规：10）（27.02）,4987241100583,健康酵素/Health Care; 特价/special price,8.50,10.20,https://slptrading.com.au/products/乐敦rohto-结膜炎治疗-抗菌眼药水-0-5ml-20本
大正制药  Pro感冒药 36粒入（盒规：10）（28.01）,4987306053380,健康酵素/Health Care,22.00,22.00,https://slptrading.com.au/products/大正制药-pro感冒药-36粒入
大正口腔溃疡软膏 (10)（28.04）,4987306019492,健康酵素/Health Care,7.55,7.55,https://slptrading.com.au/products/大正口腔溃疡软膏-10
太田胃散48包 (5)（29.04）,4987033409061,健康酵素/Health Care,19.50,19.50,https://slptrading.com.au/products/太田胃散48包-5
小久保Hello Kitty 退热贴 蜜桃香 4枚入（盒规：10）,4971902921914,健康酵素/Health Care,1.90,1.90,https://slptrading.com.au/products/hello-kitty-退热贴-蜜桃香-4枚入
小林制药 儿童退热贴 16枚入蓝盒 2岁以上 (24)（27.06）,4987072087732,健康酵素/Health Care,7.45,7.45,https://slptrading.com.au/products/小林制药儿童退热贴-16枚入蓝盒-2岁以上-24
小林制药 儿童退热贴12枚入 浅粉0-2岁 (32)（27.06）,4987072038987,健康酵素/Health Care,5.80,5.80,https://slptrading.com.au/products/小林制药儿童退热贴12枚入-浅粉0-2岁-32
小林制药 去鸡皮软膏 30g（26.06）,4987072032176,健康酵素/Health Care; 特价/special price,12.60,14.00,https://slptrading.com.au/products/小林制药-去鸡皮软膏-30g
小林制药 嗓子咽喉肿痛喷剂 原味（27.10）,4987072004708,健康酵素/Health Care,12.75,12.75,https://slptrading.com.au/products/小林制药嗓子咽喉肿痛喷剂-原味
小林制药 嗓子咽喉肿痛喷剂 草莓味（27.02）,4987072023822,健康酵素/Health Care,12.75,12.75,https://slptrading.com.au/products/小林制药嗓子咽喉肿痛喷剂-儿童草莓味
小林制药 安美露镇痛剂80ml （10）（29.01）,4987072001363,健康酵素/Health Care; 特价/special price,7.00,8.00,https://slptrading.com.au/products/小林制药安美露镇痛剂80ml-10
小林制药 成人退热贴 6枚入（26.12）,4987072008676,健康酵素/Health Care; 特价/special price,4.20,5.00,https://slptrading.com.au/products/成人退热贴-6枚入
小林制药 扁桃体咽喉炎药粉 18包入（27.08）,4987072043844,健康酵素/Health Care; 特价/special price,25.20,31.50,https://slptrading.com.au/products/小林制药-扁桃体咽喉炎药粉-18包入
小林制药 扁桃体咽喉炎药粉 9包入 (5)（27.03）,4987072024324,健康酵素/Health Care,15.55,15.55,https://slptrading.com.au/products/小林制药-扁桃体咽喉炎药粉-9包入-5
小林制药 止鼾贴 21枚入,4987072083918,健康酵素/Health Care,9.00,9.00,https://slptrading.com.au/products/小林制药-止鼾贴-21枚入
小林制药 正菌感染脚气膏（28.04）,4987072034897,健康酵素/Health Care,10.00,10.00,https://slptrading.com.au/products/小林制药正菌感染脚气膏
小林制药 洗眼液 深蓝2-3度 500ml (16)（28.03）,4987072032893,健康酵素/Health Care,12.00,12.00,https://slptrading.com.au/products/小林制药-洗眼液-深蓝色2-3度-500ml-16
小林制药 洗眼液 粉色3-4度 500ml (16)（28.05）,4987072053287,健康酵素/Health Care,11.00,11.00,https://slptrading.com.au/products/小林制药-洗眼液-粉色500ml-16
小林制药 祛疤膏 15g （27.05）,4987072044629,健康酵素/Health Care,15.50,15.50,https://slptrading.com.au/products/小林制药祛疤膏-15g
小林制药 肩痛贴4枚入 (24),4901548603684,健康酵素/Health Care,5.20,4.90,https://slptrading.com.au/products/小林制药肩痛贴4枚入-24
小林制药 腰痛贴5枚入 (16),4901548603707,健康酵素/Health Care,5.20,4.80,https://slptrading.com.au/products/小林制药腰痛贴5枚入-16
撒隆巴斯 中号膏药 40枚（条规：5）（28.06）,4987188135129,健康酵素/Health Care,18.50,13.00,https://slptrading.com.au/products/萨隆巴斯-中号膏药-40枚
日本大正儿童感冒颗粒12包入 (10)（27.05）,4987306047730,健康酵素/Health Care,10.50,10.50,https://slptrading.com.au/products/日本大正儿童感冒颗粒12包入-10
日本大正综合感冒颗粒44包 (10)（27.07）,4987306045156,健康酵素/Health Care,25.00,25.00,https://slptrading.com.au/products/日本大正综合感冒颗粒44包-10
日本撒隆巴斯镇痛贴 140片入 (4)（27.11）,4987188100325,健康酵素/Health Care,18.00,18.00,https://slptrading.com.au/products/日本撒隆巴斯镇痛贴-140片入-4
池田模范堂儿童无比滴 防蚊止痒液 40毫升 (10)（26.06）,4987426001803,健康酵素/Health Care; 特价/special price,7.50,9.20,https://slptrading.com.au/products/池田模范堂儿童无比滴-防蚊止痒液-40毫升-10
池田模范堂汗疹止痒软膏 15g (10)（26.05）,4987426002619,健康酵素/Health Care; 特价/special price,14.30,16.80,https://slptrading.com.au/products/池田模范堂汗疹止痒软膏-15g-10
泰国八仙筒鼻通 6只,8851447010006,健康酵素/Health Care,10.80,10.80,https://slptrading.com.au/products/泰国八仙筒鼻通-6
第一三共美白丸 180粒入 (5),4987107631978,健康酵素/Health Care,48.00,48.00,https://slptrading.com.au/products/第一三共美白丸-180粒入-5
资生堂唇炎膏 8G（27.01）,4909978204440,健康酵素/Health Care,9.36,10.40,https://slptrading.com.au/products/资生堂唇炎膏-8g
金鸟 KINCHO 生姜香暖宝宝 8枚入,4987115822214,健康酵素/Health Care; 特价/special price,4.50,5.00,https://slptrading.com.au/products/金鸟-kincho-生姜香暖宝宝-8枚入
龙角散粉色水蜜桃味16包 （10）（28.04）,4987240210733,健康酵素/Health Care,8.75,8.75,https://slptrading.com.au/products/龙角散粉色水蜜桃味16包-10
龙角散蓝色薄荷味16包 （10）（28.05）,4987240210535,健康酵素/Health Care,8.75,8.75,https://slptrading.com.au/products/龙角散蓝色薄荷味16包-10
LION 狮王 洗护二合一沐浴露 草本花香 猫用 330ml,4903351001879,宠物系列/PET,7.50,7.50,https://slptrading.com.au/products/lion-狮王-洗护二合一沐浴露-草本花香-猫用-330ml
LION狮王 便后除臭喷雾 300ml 草原香型  犬用,4903351003415,宠物系列/PET,6.15,6.15,https://slptrading.com.au/products/lion狮王-便后除臭喷雾-300ml-草原香型-犬用
LION狮王 宠物毛发清洁喷雾 200ml 皂香,4903351016897,宠物系列/PET,5.50,5.50,https://slptrading.com.au/products/lion狮王-宠物毛发清洁喷雾-200ml-皂香
LION狮王 宠物用手指牙刷 1个,4903351003965,宠物系列/PET,5.00,5.00,https://slptrading.com.au/products/lion狮王-宠物用手指牙刷-1个
LION狮王 宠物用除菌洗手液 替换装 200ml,4903351000216,宠物系列/PET,4.30,4.30,https://slptrading.com.au/products/lion狮王-宠物用除菌洗手液-替换装-200ml
LION狮王 宠物除菌除臭香波 250ml,4903351000209,宠物系列/PET,6.35,6.35,https://slptrading.com.au/products/lion狮王-宠物除菌除臭香波-250ml
LION狮王 室内消臭剂替换装320ml 薄荷香,4903351005631,宠物系列/PET,5.00,5.00,https://slptrading.com.au/products/lion狮王-室内消臭剂替换装320ml-薄荷香
LION狮王 洗护二合一沐浴露 柔和花香 猫用 330ml,4903351001794,宠物系列/PET,8.00,8.00,https://slptrading.com.au/products/lion狮王-洗护二合一沐浴露-柔和花香-猫用-330ml
LION狮王 犬用 室内扫除喷剂 替换装 240ml,4903351008151,宠物系列/PET,4.50,4.50,https://slptrading.com.au/products/lion狮王-犬用-室内扫除喷剂-替换装-240ml
LION狮王 狗狗散步 足部泡沫清洁剂 270ml,4903351005006,宠物系列/PET,6.60,6.60,https://slptrading.com.au/products/lion狮王-狗狗散步-足部泡沫清洁剂-270ml
LION狮王 猫狗用沐浴香波粉色 230ml,4903351007994,宠物系列/PET,7.50,7.50,https://slptrading.com.au/products/lion狮王-猫狗用沐浴香波粉色-230ml
LION狮王 猫用沐浴露红色 150ml,4903351008205,宠物系列/PET,6.15,6.15,https://slptrading.com.au/products/lion狮王-猫用沐浴露红色-150ml
GOON大王儿童夜用拉拉裤 XXL 22枚入 (6),4902011859874,尿不湿/Nappies,20.00,20.00,https://slptrading.com.au/products/goon大王儿童夜用拉拉裤-xxl-22枚入-6
GOON大王儿童夜用拉拉裤 XXXL 14枚入 (6),4902011859881,尿不湿/Nappies,20.00,20.00,https://slptrading.com.au/products/goon大王儿童夜用拉拉裤-xxxl-14枚入-6
GOON大王快适肌纸尿裤 M码 52枚/包 (4),4902011115505,尿不湿/Nappies,21.00,21.00,https://slptrading.com.au/products/goon大王快适肌纸尿裤-m码-56枚-包-4
GOON大王快适肌纸尿裤 NB 76枚/包 (4),4902011102833,尿不湿/Nappies,21.00,21.00,https://slptrading.com.au/products/goon大王快适肌纸尿裤-nb-76枚-包-4
GOON大王快适肌纸尿裤 S码 62枚/包 (4),4902011115499,尿不湿/Nappies,21.00,21.00,https://slptrading.com.au/products/goon大王快适肌纸尿裤-s码-70枚-包-4
GOON大王快适肌纸尿裤 XL 38枚入 (4),4902011102871,尿不湿/Nappies,21.00,21.00,https://slptrading.com.au/products/goon大王快适肌纸尿裤-xl-38枚入-4
Merries Premium花王白金版拉拉裤 L码 36枚入 (4),4901301396556,尿不湿/Nappies,20.00,20.00,https://slptrading.com.au/products/merries-premium花王白金版拉拉裤-l码-36枚入-4
Merries Premium花王白金版拉拉裤 M码 46枚入 (4),4901301421760,尿不湿/Nappies,20.00,20.00,https://slptrading.com.au/products/merries-premium花王白金版拉拉裤-m码-46枚入-4
Merries Premium花王白金版纸尿裤 M码 48枚入 (4),4901301388032,尿不湿/Nappies,20.00,20.00,https://slptrading.com.au/products/merries-premium花王白金版纸尿裤-m码-48枚入-4
Merries Premium花王白金版纸尿裤 NB 60枚入 (4),4901301448378,尿不湿/Nappies,20.00,20.00,https://slptrading.com.au/products/merries-premium花王白金版纸尿裤-nb-66枚入-4
Merries Premium花王白金版纸尿裤 S码 54枚入 (4),4901301448385,尿不湿/Nappies,20.00,20.00,https://slptrading.com.au/products/merries-premium花王白金版纸尿裤-s码-60枚入-4
Merries 花王儿童夜用拉拉裤 L34枚入 (4),4901301453167,尿不湿/Nappies,22.50,22.50,https://slptrading.com.au/products/merries-花王儿童夜用拉拉裤-l34枚入-4
Merries 花王儿童夜用拉拉裤 XXL24枚入 (3),4901301453181,尿不湿/Nappies,22.50,22.50,https://slptrading.com.au/products/merries-花王儿童夜用拉拉裤-xxl24枚入-3
Merries 花王婴儿拉拉裤 L44枚入 (3),4901301425874,尿不湿/Nappies,20.00,20.00,https://slptrading.com.au/products/merries-花王婴儿拉拉裤-l44枚入-3
Merries 花王婴儿纸尿片 S62枚入 (4),4901301437709,尿不湿/Nappies,20.00,20.00,https://slptrading.com.au/products/merries-花王婴儿纸尿片-s70枚入-4
Merries 花王婴儿纸尿裤 M52枚入,4901301437716,尿不湿/Nappies,20.00,20.00,https://slptrading.com.au/products/merries-花王婴儿拉拉裤-m52枚入
Merries 花王婴儿纸尿裤 M56枚入,4901301418999,尿不湿/Nappies,20.00,20.00,https://slptrading.com.au/products/merries-花王婴儿纸尿裤-m56枚入
Merries 花王婴儿纸尿裤 NB76枚入 (4),4901301418975,尿不湿/Nappies,20.00,20.00,https://slptrading.com.au/products/merries-花王婴儿纸尿裤-nb76枚入-4
Merries花王儿童拉拉裤M 52枚,4901301418579,尿不湿/Nappies,20.00,20.00,https://slptrading.com.au/products/merries花王儿童拉拉裤m-52枚
Moony Air 尤妮佳婴儿纸尿片 NB 76枚入 (4),4903111137800,尿不湿/Nappies,21.00,21.00,https://slptrading.com.au/products/moony-air-尤妮佳婴儿纸尿片-nb-76枚入-4
Moony Air 尤妮佳婴儿纸尿片 NB 90枚入 (3),4903111243501,尿不湿/Nappies,21.00,21.00,https://slptrading.com.au/products/moony-air-尤妮佳婴儿纸尿片-nb-90枚入-3
Moony Air儿童拉拉裤 女孩 XL 38枚入 (4),4903111208098,尿不湿/Nappies,21.00,21.00,https://slptrading.com.au/products/moony-air儿童拉拉裤-女孩-xl-38枚入-4
Moony Air尤妮佳儿童拉拉裤 M 52枚入 (4),4903111152360,尿不湿/Nappies,21.00,21.00,https://slptrading.com.au/products/moony-air尤妮佳儿童拉拉裤-m-52枚入-4
Moony Air尤妮佳儿童纸尿片 M 56枚入 (4),4903111141937,尿不湿/Nappies,21.00,21.00,https://slptrading.com.au/products/moony-air尤妮佳儿童纸尿片-m-56枚入-4
Moony Air尤妮佳婴儿纸尿片 S70枚入 (4),4903111138302,尿不湿/Nappies,21.00,21.00,https://slptrading.com.au/products/moony-air尤妮佳婴儿纸尿片-s70枚入-4
Moony Air尤妮佳拉拉裤 女孩 L码 44枚 (4),4903111206438,尿不湿/Nappies,21.00,21.00,https://slptrading.com.au/products/moony-air尤妮佳拉拉裤-女孩-l码-44枚-4
Moony Air尤妮佳拉拉裤 男孩 L码 44枚 (4),4903111206155,尿不湿/Nappies,21.00,21.00,https://slptrading.com.au/products/moony-air尤妮佳拉拉裤-男孩-l码-44枚-4
Moony Natural尤妮佳儿童拉拉裤 L 36枚入 (4),4903111243099,尿不湿/Nappies,21.00,21.00,https://slptrading.com.au/products/moony-natural尤妮佳儿童拉拉裤-l-36枚入-4
Moony Natural尤妮佳婴儿纸尿片 NB 62枚入 (4),4903111143429,尿不湿/Nappies,21.00,21.00,https://slptrading.com.au/products/moony-natural尤妮佳婴儿纸尿片-nb-62枚入-4
Moony Natural尤妮佳拉拉裤 M 46枚入 (3),4903111242610,尿不湿/Nappies,21.00,21.00,https://slptrading.com.au/products/moony-natural尤妮佳拉拉裤-m-46枚入-3
Moony Natural尤妮佳纸尿裤 L 38枚入 (4),4903111242030,尿不湿/Nappies,21.00,21.00,https://slptrading.com.au/products/moony-natural尤妮佳纸尿裤-l-38枚入-4
Moony Natural尤妮佳纸尿裤 M 46片 6-11kg (4),4903111241439,尿不湿/Nappies,21.00,21.00,https://slptrading.com.au/products/moony-natural尤妮佳纸尿裤-m-46片-6-11kg-4
Moony Natural尤妮佳纸尿裤 S 58枚入 (4),4903111241149,尿不湿/Nappies,21.00,21.00,https://slptrading.com.au/products/moony-natural尤妮佳纸尿裤-s-58枚入-4
Moony 尤妮佳夜用拉拉裤 女孩 L30枚入 (4),4903111117772,尿不湿/Nappies,20.00,20.00,https://slptrading.com.au/products/moony-尤妮佳夜用拉拉裤-女孩-l30枚入-4
Moony 尤妮佳夜用拉拉裤 男孩 L30枚入 (4),4903111117611,尿不湿/Nappies,20.00,20.00,https://slptrading.com.au/products/moony-尤妮佳夜用拉拉裤-男孩-l30枚入-4
Pampers 帮宝适夜用拉拉裤L 9-14KG 30枚入,4987176203427,尿不湿/Nappies,22.00,22.00,https://slptrading.com.au/products/pampers-帮宝适夜用拉拉裤-l-9-14kg-30枚入
Pampers 帮宝适夜用拉拉裤XL 12-17KG 26枚入,4987176203458,尿不湿/Nappies,22.00,22.00,https://slptrading.com.au/products/pampers-帮宝适夜用拉拉裤xl-12-17kg-26枚入
Pampers 帮宝适夜用拉拉裤XXL 15-28KG 22枚入,4987176203441,尿不湿/Nappies,22.00,22.00,https://slptrading.com.au/products/pampers-帮宝适夜用拉拉裤xxl-15-28kg-22枚入
Pampers 帮宝适拉拉裤 L码 40枚/包 (4),4987176203151,尿不湿/Nappies,22.00,22.00,https://slptrading.com.au/products/pampers-帮宝适拉拉裤-l码-40枚-包-4
Pampers 帮宝适拉拉裤 M码 48枚/包 (4),4987176203168,尿不湿/Nappies,22.00,22.00,https://slptrading.com.au/products/pampers-帮宝适拉拉裤-m码-48枚-包-4
Pampers 帮宝适拉纸尿裤 M码 48枚/包 (4),4987176203236,尿不湿/Nappies,22.00,22.00,https://slptrading.com.au/products/pampers-帮宝适拉纸尿裤-m码-48枚-包-4
Pampers 帮宝适纸尿裤 L码 42枚/包 (4),4987176203212,尿不湿/Nappies,22.00,22.00,https://slptrading.com.au/products/pampers-帮宝适纸尿裤-l码-42枚-包-4
Pampers 帮宝适纸尿裤 NB 60枚/包 (4),4987176203250,尿不湿/Nappies,22.00,22.00,https://slptrading.com.au/products/pampers-帮宝适纸尿裤-nb-70枚-包-4
Pampers 帮宝适纸尿裤 S码 64枚/包 (4),4987176203243,尿不湿/Nappies,22.00,22.00,https://slptrading.com.au/products/pampers-帮宝适纸尿裤-s码-64枚-包-4
GIK 干细胞深层保湿面膜 21枚入,8809656789428,新品/New Arrival; 韩国精选,6.00,6.00,https://slptrading.com.au/products/gik-干细胞深层保湿面膜-21枚入
KOSE 高丝CLEAR TURN 毛穴小町真司源氏男士面膜 7枚入,4971710559989,新品/New Arrival; 美妆护肤/Beauty&Skin Care,6.90,6.90,https://slptrading.com.au/products/kose-clear-turn-毛穴小町真司源氏男士面膜-7枚入
KOSE 高丝CLEAR TURN 毛穴小町面膜 7枚入,4971710523836,新品/New Arrival; 美妆护肤/Beauty&Skin Care,6.90,6.90,https://slptrading.com.au/products/kose-clear-turn-毛穴小町面膜-7枚入
KOSE 高丝CLEAR TURN 紫色深层紧致丰盈面膜 40枚入,4971710395044,新品/New Arrival; 美妆护肤/Beauty&Skin Care,15.60,15.60,https://slptrading.com.au/products/kose-高丝clear-turn-紫色深层紧致丰盈面膜-40枚入
KOSE 高丝CLEAR TURN 金色超浓厚保湿面膜 40枚入,4971710387926,新品/New Arrival; 美妆护肤/Beauty&Skin Care,15.60,15.60,https://slptrading.com.au/products/kose-高丝clear-turn-金色超浓厚保湿面膜-40枚入
NEW BEADS 柔顺香氛洗衣液 690g 茉莉麝香（10）,4901301448026,新品/New Arrival; 生活居家/Household,6.00,6.00,https://slptrading.com.au/products/new-beads-柔顺香氛洗衣液-690g-茉莉麝香-10
P&G 浓缩抗菌除螨洗衣液 910g（箱规：9）,4902430890168,新品/New Arrival; 生活居家/Household,8.00,8.00,https://slptrading.com.au/products/p-g-浓缩抗菌除螨洗衣液-910g-箱规-9
PINKY 儿童猫咪保湿面膜 3-7岁 5片入,8809691561898,新品/New Arrival; 韩国精选,6.60,6.60,https://slptrading.com.au/products/pinky-儿童猫咪保湿面膜-3-7岁-5片入
PINKY 猫咪儿童面膜 8岁+ 5片入,8809691562604,新品/New Arrival; 韩国精选,6.60,6.60,https://slptrading.com.au/products/pinky-猫咪儿童面膜-8月-5片入
SHISEIDO 资生堂 UNO 男士发蜡-EXTREME HARD 80G,4901872459964,新品/New Arrival; 美发美体/Bath & Hair,9.50,9.50,https://slptrading.com.au/products/shiseido-资生堂-uno-男士发蜡-extreme-hard-80g
兰芝唇膜 香草味 20g,8809925203808,新品/New Arrival; 韩国精选,21.50,21.50,https://slptrading.com.au/products/兰芝唇膜-香草味-20g
兰芝水酷洗面奶 洗卸二合一 150g,8809803502931,新品/New Arrival; 韩国精选,21.50,21.50,https://slptrading.com.au/products/兰芝水酷洗面奶-洗卸二合一-150g
化妆刷自动清洗机,001,新品/New Arrival; 美妆护肤/Beauty&Skin Care,5.80,5.80,https://slptrading.com.au/products/化妆刷自动清洗机
小林制药 消臭元 400ml 厨房消臭柚子香（16）,4987072043769,新品/New Arrival; 生活居家/Household,4.70,4.70,https://slptrading.com.au/products/小林制药-消臭元-400ml-厨房消臭柚子香-16
疲劳贴 蓝色疲劳貼,A0209,新品/New Arrival; 韩国精选,10.20,10.20,https://slptrading.com.au/products/疲劳贴-蓝色疲劳貼
龙角散草本润喉糖片 柠檬蜂蜜味10.4g（10袋）（26.05）,4987240618454,新品/New Arrival; 食品类/Food,28.50,2.85,https://slptrading.com.au/products/龙角散草本润喉糖片-柠檬蜂蜜味10-4g
babycare 三合一辅食碗 莱特玫,6941428656933,母婴儿童/Mama&Baby,11.00,15.00,https://slptrading.com.au/products/babycare-三合一零食碗
Mama &Kids 婴幼儿乳霜75g,4530025009642,母婴儿童/Mama&Baby,36.70,36.70,https://slptrading.com.au/products/mama-kids-婴幼儿乳霜75g
Mama&Kids 婴儿保湿防晒 SPF23 90ml,4530025010013,母婴儿童/Mama&Baby,38.00,38.00,https://slptrading.com.au/products/mama-kids-婴儿保湿防晒-spf23-90ml
Mama&Kids 宝宝保湿护肤乳液 150ml,4530025008904,母婴儿童/Mama&Baby,36.70,36.70,https://slptrading.com.au/products/mama-kids-宝宝保湿护肤乳液-150ml
MamaKids 婴儿沐浴露 460ml,4530025011799,母婴儿童/Mama&Baby,31.10,31.10,https://slptrading.com.au/products/mamakids-婴儿沐浴露-460ml
MamaKids 婴儿洗发水 370ml,4530025011829,母婴儿童/Mama&Baby,29.70,29.70,https://slptrading.com.au/products/mamakids-婴儿洗发水-370ml
Pigeon 婴儿发梳两件 (10),4902508102063,母婴儿童/Mama&Baby,5.60,5.60,https://slptrading.com.au/products/pigeon-婴儿发梳两件-10
PIGEON 贝亲奶瓶清洗剂 (10),4902508009768,母婴儿童/Mama&Baby,9.60,9.60,https://slptrading.com.au/products/pigeon-贝亲奶瓶清洗剂-10
PIGEON 贝亲婴儿吸鼻器 (5),4902508103091,母婴儿童/Mama&Baby,8.50,8.50,https://slptrading.com.au/products/pigeon-贝亲婴儿吸鼻器-5
PIGEON 贝亲婴儿指甲剪 3个月起 (5),4902508151061,母婴儿童/Mama&Baby,8.90,8.90,https://slptrading.com.au/products/pigeon-贝亲婴儿指甲剪-3个月起-5
PIGEON 贝亲婴儿泡沫洗发水低刺激粉色 补充装300ml (30),4902508083140,母婴儿童/Mama&Baby,5.50,5.50,https://slptrading.com.au/products/pigeon-贝亲婴儿泡沫洗发水低刺激粉色-补充装300ml-30
PIGEON 贝亲婴儿泡沫洗发水低刺激蓝色 补充装300ml (30),4902508083126,母婴儿童/Mama&Baby,5.50,5.50,https://slptrading.com.au/products/pigeon-贝亲婴儿泡沫洗发水低刺激蓝色-补充装300ml-30
PIGEON 贝亲婴儿洗衣液补充装 粉色720ml (18),4902508121323,母婴儿童/Mama&Baby,4.90,4.90,https://slptrading.com.au/products/pigeon-贝亲婴儿洗衣液补充装-粉色720ml-18
PIGEON 贝亲婴儿湿巾 6包入 (6),4902508117326,母婴儿童/Mama&Baby,9.20,9.20,https://slptrading.com.au/products/pigeon-贝亲婴儿湿巾-6包入-6
PIGEON 贝亲婴儿滋润保湿乳液 120ml,4902508084543,母婴儿童/Mama&Baby,5.80,5.80,https://slptrading.com.au/products/pigeon-贝亲婴儿滋润保湿乳液-120ml
PIGEON 贝亲婴儿通鼻棒 (10),4902508150750,母婴儿童/Mama&Baby,4.90,4.90,https://slptrading.com.au/products/pigeon-贝亲婴儿通鼻棒-10
PIGEON 贝亲婴幼儿保湿润肤露 120ml,4902508084536,母婴儿童/Mama&Baby,5.80,5.80,https://slptrading.com.au/products/pigeon-贝亲婴幼儿保湿润肤露-120ml
PIGEON 贝亲宝宝二合一蜜桃全身洗护450ml (20),4902508084116,母婴儿童/Mama&Baby,10.25,10.25,https://slptrading.com.au/products/pigeon-贝亲宝宝二合一蜜桃全身洗护450ml-20
PIGEON 贝亲宝宝二合一蜜桃全身洗护补充装  400ml 箱柜20,4902508084123,母婴儿童/Mama&Baby,5.50,5.50,https://slptrading.com.au/products/pigeon-贝亲宝宝二合一蜜桃全身洗护补充装-400ml-箱柜20
PIGEON 贝亲宝宝便携湿巾 蓝色 (20),4902508117302,母婴儿童/Mama&Baby,4.40,4.40,https://slptrading.com.au/products/pigeon-贝亲宝宝便携湿巾-蓝色-20
PIGEON 贝亲宝宝洗衣液 蓝色600ml (20),4902508121347,母婴儿童/Mama&Baby,6.60,6.60,https://slptrading.com.au/products/pigeon-贝亲宝宝洗衣液-蓝色600ml-20
PIGEON 贝亲宝宝湿巾 三包入 (12),4902508117319,母婴儿童/Mama&Baby,4.80,4.80,https://slptrading.com.au/products/pigeon-贝亲宝宝湿巾-三包入-12
PIGEON 贝亲新生儿专用指甲剪 0个月起 (5),4902508151054,母婴儿童/Mama&Baby,9.50,9.50,https://slptrading.com.au/products/pigeon-贝亲新生儿专用指甲剪-0个月起-5
PIGEON 贝亲新生儿护理套装,4902508151085,母婴儿童/Mama&Baby,24.00,24.00,https://slptrading.com.au/products/pigeon-贝亲新生儿护理套装
PIGEON 贝亲桃子爽肤水200ml (5),4902508083805,母婴儿童/Mama&Baby,8.50,8.50,https://slptrading.com.au/products/pigeon-贝亲桃子爽肤水200ml-5
PIGEON 贝亲桃子爽身粉 125g,4902508070706,母婴儿童/Mama&Baby,5.90,5.90,https://slptrading.com.au/products/pigeon-贝亲桃子爽身粉-125g
WAKODO 和光堂360度儿童训练牙刷 (12),4987244170743,母婴儿童/Mama&Baby,12.00,12.00,https://slptrading.com.au/products/wakodo-和光堂360度儿童训练牙刷-12
WAKODO 和光堂婴儿短柄牙刷 (6),4987244170736,母婴儿童/Mama&Baby,12.00,12.00,https://slptrading.com.au/products/wakodo-和光堂婴儿短柄牙刷-6
三菱铅笔 马克笔７色套装 1盒,4902778195574,母婴儿童/Mama&Baby,19.70,19.70,https://slptrading.com.au/products/三菱铅笔-马克笔７色套装-1盒
和光堂驱蚊贴60枚入 24,4987244160843,母婴儿童/Mama&Baby; 特价/special price,9.90,11.00,https://slptrading.com.au/products/和光堂驱蚊贴60枚入-24
安耐晒小蓝管 儿童防晒 (3) - 旧版,4909978998998,母婴儿童/Mama&Baby,27.00,27.00,https://slptrading.com.au/products/安耐晒小蓝管-儿童防晒-3
安耐晒小蓝管 儿童防晒 (3) - 新版,4909978200879,母婴儿童/Mama&Baby,30.50,27.00,https://slptrading.com.au/products/安耐晒小蓝管-儿童防晒-3
日本 贝亲母乳实感奶瓶 300ml - 无图案,4902508013239,母婴儿童/Mama&Baby,29.00,29.00,https://slptrading.com.au/products/日本贝亲奶瓶300ml叶子
日本 贝亲母乳实感奶瓶 300ml - 叶子图案,4902508013253,母婴儿童/Mama&Baby,29.00,29.00,https://slptrading.com.au/products/日本贝亲奶瓶300ml叶子
日本Kincho金鸟驱蚊手环 水果香30个入,4987115540538,母婴儿童/Mama&Baby,8.50,8.50,https://slptrading.com.au/products/日本kincho金鸟驱蚊手环-水果香30个入
日本Mama & Kids 预防消除淡化孕妇妊娠纹霜防护霜470g,4530025012024,母婴儿童/Mama&Baby,118.00,118.00,https://slptrading.com.au/products/日本mama-kids-预防消除淡化孕妇妊娠纹霜防护霜470g
日本Mama&Kids 胸部护理液100ml,4530025012130,母婴儿童/Mama&Baby,52.00,52.00,https://slptrading.com.au/products/日本mama-kids-胸部护理液100ml
日本Vape凯蒂猫驱蚊喷雾粉色200ml (20),4902424433081,母婴儿童/Mama&Baby,7.10,7.10,https://slptrading.com.au/products/日本vape凯蒂猫驱蚊喷雾粉色200ml-20
碧柔儿童防晒乳霜 SPF50 70ml,4901301378453,母婴儿童/Mama&Baby,11.40,11.40,https://slptrading.com.au/products/碧柔儿童防晒乳霜-spf50-70ml
花王 儿童弱酸性泡沫洗发水 300ml (12),4901301314536,母婴儿童/Mama&Baby; 特价/special price,6.85,7.60,https://slptrading.com.au/products/花王-儿童弱酸性泡沫洗发水-300ml-12
花王 儿童泡沫洗发水300ML (12),4901301390363,母婴儿童/Mama&Baby; 特价/special price,6.85,7.60,https://slptrading.com.au/products/花王-儿童泡沫洗发水300ml-12
贝亲 母乳实感 奶嘴 6个月 L 2个装 Y字,4902508024846,母婴儿童/Mama&Baby,15.99,15.99,https://slptrading.com.au/products/贝亲-母乳实感-奶嘴-6个月-l-2个装-y字
贝亲 母乳实感 奶嘴 9个月 LL 2个装 Y字,4902508024853,母婴儿童/Mama&Baby,15.99,15.99,https://slptrading.com.au/products/贝亲-母乳实感-奶嘴-9个月-ll-2个装-y字
贝亲 迷你吸管杯 黄色150ml,4902508032957,母婴儿童/Mama&Baby,8.50,8.50,https://slptrading.com.au/products/贝亲-迷你吸管杯-黄色150ml
&Honey 护发精油 玫瑰香 100ML(盒柜3),4589546892271,特价/special price; 美发美体/Bath & Hair,20.00,24.00,https://slptrading.com.au/products/honey深层修护护发精油-玫瑰香100ml-3
&Honey 护发精油 美女与野兽限定版 100ML（盒柜3）,4589546894992,特价/special price; 美发美体/Bath & Hair,14.20,15.80,https://slptrading.com.au/products/honey-美女与野兽限定版护发精油-100ml
&Honey 蜂蜜保湿护发素 440ML(18),4589546890765,特价/special price; 美发美体/Bath & Hair,16.60,19.50,https://slptrading.com.au/products/honey蜂蜜保湿护发素箱规-18
&Honey 蜂蜜保湿护发素 玫瑰香 440ML (18),4589546892233,特价/special price; 美发美体/Bath & Hair,16.60,19.50,https://slptrading.com.au/products/honey蜂蜜保湿护发素-玫瑰香-18
COSMETEX Roland 保湿修护护发素 460ml,4936201104598,特价/special price; 美发美体/Bath & Hair,12.50,13.90,https://slptrading.com.au/products/cosmetex-roland-保湿修护护发素-460ml
COSMETEX Roland 保湿修护洗发水 460ml,4936201104581,特价/special price; 美发美体/Bath & Hair,12.50,13.90,https://slptrading.com.au/products/cosmetex-roland-保湿修护洗发水-460ml
COSMETEX ROLAND 马油保湿身体乳 200ml,4936201105649,特价/special price; 美发美体/Bath & Hair,3.50,3.90,https://slptrading.com.au/products/cosmetex-roland-马油保湿身体乳-200ml
EARTH 下水道泡沫强力清洁剂 200ml (20),4901080686312,特价/special price; 生活居家/Household,7.65,8.50,https://slptrading.com.au/products/earth-下水道泡沫强力清洁剂-200ml-20
EARTH 浴缸发泡清洁剂 360ml,4901080694119,特价/special price; 生活居家/Household,7.65,8.50,https://slptrading.com.au/products/earth-马桶发泡清洁剂-360ml
EARTH 空调清洁喷雾 无香型 420ml,4901080688514,特价/special price; 生活居家/Household,7.00,7.50,https://slptrading.com.au/products/earth-空调清洁喷雾-无香型-420ml
EARTH 蟑螂驱除喷雾 450ml,4901080067814,特价/special price; 生活居家/Household,12.00,13.00,https://slptrading.com.au/products/earth-蟑螂驱除喷雾-450ml
EARTH 马桶发泡清洁剂 200ml,4901080686213,特价/special price; 生活居家/Household,6.30,7.00,https://slptrading.com.au/products/earth-马桶发泡清洁剂-200ml
P&G 宝洁洗衣凝珠 柑橘香 11个入 - 旧版,4987176184764,特价/special price; 生活居家/Household,4.50,4.90,https://slptrading.com.au/products/p-g-4d洗衣球柑橘味-11个入
P&G 宝洁洗衣凝珠 柑橘香 11个入 - 新版,4987176292858,特价/special price; 生活居家/Household,4.50,4.90,https://slptrading.com.au/products/p-g-4d洗衣球柑橘味-11个入
ST 鸡仔牌马桶慕斯泡泡洁厕剂 40ML,4901070909803,特价/special price; 生活居家/Household,5.40,6.00,https://slptrading.com.au/products/st鸡仔牌马桶慕斯泡泡洁厕剂-250ml
WHITE CONC 身体美白喷雾化妆水 245ml,4990110004769,特价/special price; 美发美体/Bath & Hair,13.70,14.50,https://slptrading.com.au/products/white-conc-身体美白喷雾化妆水-245ml
安耐晒美白防晒啫喱 90g 新版,4909978147129,特价/special price; 美妆护肤/Beauty&Skin Care,28.50,30.00,https://slptrading.com.au/products/安耐晒美白防晒啫喱-90g
安耐晒防晒喷雾 60g (3) - 旧版,4909978120764,特价/special price; 美妆护肤/Beauty&Skin Care,19.50,19.50,https://slptrading.com.au/products/安耐晒防晒喷雾-60g-3
安耐晒防晒喷雾 60g (3) - 新版,4909978147853,特价/special price; 美妆护肤/Beauty&Skin Care,20.50,22.50,https://slptrading.com.au/products/安耐晒防晒喷雾-60g-3
小林制药  坐便除菌巾 50枚入,4987072401705,特价/special price; 生活居家/Household,6.00,6.90,https://slptrading.com.au/products/小林制药-坐便除菌巾-50枚入
小林制药 下水道清道夫 橙色12粒入,4987072037010,特价/special price; 生活居家/Household,4.50,4.70,https://slptrading.com.au/products/小林下水道清道夫-橙色12粒入-9
小林制药 厨房垃圾桶除臭贴 清爽皂香 2.7ML,4987072043110,特价/special price; 生活居家/Household,2.60,2.90,https://slptrading.com.au/products/小林制药-厨房垃圾桶除臭贴-清爽皂香-2-7ml
小林制药 坐便除菌湿巾便携型 10张入 (11),4987072401507,特价/special price; 生活居家/Household,2.25,2.80,https://slptrading.com.au/products/小林制药坐便除菌湿巾便携型-10张入-11
小林制药 强力发泡洁厕粉 3包入,4987072087701,特价/special price; 生活居家/Household,4.10,4.50,https://slptrading.com.au/products/小林制药-强力发泡洁厕粉-3包入
小林制药 消臭元 400ml 房间皂香 (16),4987072068946,特价/special price; 生活居家/Household,4.45,4.70,https://slptrading.com.au/products/消臭元-400ml-房间皂香-16
小林制药 电热水壶水瓶除水垢洗净粉 3包,4987072141007,特价/special price; 生活居家/Household,5.25,5.50,https://slptrading.com.au/products/小林电热水壶水瓶除水垢洗净粉-3包
小林制药 马桶凝胶小花3枚入 自然花香,4987072036488,特价/special price; 生活居家/Household,2.65,2.80,https://slptrading.com.au/products/小林马桶凝胶小花3枚入自然花香
尤妮佳化妆棉 40枚蓝色 (36),4903111478064,特价/special price; 美妆护肤/Beauty&Skin Care,2.40,2.50,https://slptrading.com.au/products/尤妮佳化妆棉-40枚蓝色-36
森永 CHOCOCHIPS 白可可曲奇饼干 12枚入（26.04）,4902888256103,特价/special price; 食品类/Food,2.80,3.20,https://slptrading.com.au/products/森永-chocochips-白可可曲奇饼干-12枚入
永谷园 面包超人咖喱猪肉酱拌饭料1岁起 50gX2袋入（26.12）,4902388580043,特价/special price; 食品类/Food,2.55,2.70,https://slptrading.com.au/products/永谷园-面包超人咖喱猪肉酱拌饭料1岁起-50gx2袋入-2025-07
永谷园 面包超人番茄猪肉酱拌饭酱1岁起 50gX2袋入（26.06）,4902388600017,特价/special price; 食品类/Food,2.55,2.70,https://slptrading.com.au/products/永谷园-面包超人番茄猪肉酱拌饭酱1岁起-50gx2袋入
熊野油脂 椿油护发素 600ml （16）,4582400830143,特价/special price; 美发美体/Bath & Hair,6.00,7.50,https://slptrading.com.au/products/熊野油脂-椿油护发素-600ml-16
花王 厨房漂白去渍洗涤剂 600ml （20）,4901301017598,特价/special price; 生活居家/Household,2.85,3.00,https://slptrading.com.au/products/花王-厨房漂白去渍洗涤剂-600ml-20
花王 洗漱用品旅行套装（箱柜：18）,4901301281739,特价/special price; 生活居家/Household,7.60,8.00,https://slptrading.com.au/products/花王-洗漱用品旅行套装
花王泡沫染发剂 烟灰 LAW27 （24）,4901301395115,特价/special price; 美发美体/Bath & Hair,8.45,8.90,https://slptrading.com.au/products/花王泡沫染发剂-烟灰-law27-24
花王泡沫染发剂 软灰粽 LAW11 （24）,4901301363718,特价/special price; 美发美体/Bath & Hair,8.45,8.90,https://slptrading.com.au/products/花王泡沫染发剂-软灰粽-law11-24
蒂佳婷绿色药丸面膜 5片（27.1）,8809642712249,特价/special price; 韩国精选,10.45,11.00,https://slptrading.com.au/products/蒂佳婷绿色药丸面膜-5片
EARTH  空调出风口清洗工具替换 5枚入,4901080080318,生活居家/Household,5.20,5.20,https://slptrading.com.au/products/earth-空调出风口清洗工具替换-5枚入
EARTH 安速马桶泡沫强力免刷洗清洁剂 160g (6),4901080686411,生活居家/Household,4.70,4.70,https://slptrading.com.au/products/earth-安速马桶泡沫强力免刷洗清洁剂-160g-6
EARTH 排水口清洁剂 1个入,4901080653413,生活居家/Household,5.90,5.90,https://slptrading.com.au/products/earth-排水口清洁剂-1个入
EARTH 空调出风口清洗工具 4枚,4901080689115,生活居家/Household,6.49,6.49,https://slptrading.com.au/products/earth-空调出风口清洗工具-4枚
EARTH 蟑螂屋12个入 (6),4901080206213,生活居家/Household,10.50,10.50,https://slptrading.com.au/products/日本蟑螂屋12个入-6
HAKUGAN 白元 五合一强力吸湿除湿剂抽屉使用 12枚入 (20),4902407396242,生活居家/Household,5.50,6.50,https://slptrading.com.au/products/hakugan-白元-五合一强力吸湿除湿剂抽屉使用-12枚入-20
KOSE 高丝 Elmie 泡沫内衣洗衣液 200ml,4983239160492,生活居家/Household,4.90,4.90,https://slptrading.com.au/products/kose高丝-elmie-内衣泡沫洗衣液-200ml
LION烟雾除菌剂 (30),4903301169994,生活居家/Household,8.90,8.90,https://slptrading.com.au/products/lion烟雾除菌剂-30
LION狮王 去渍笔 便携装 17ml (24),4903301723868,生活居家/Household,4.75,4.75,https://slptrading.com.au/products/lion狮王-去渍笔-便携装-17ml-24
P&G 宝洁洗衣凝珠 玫瑰花香11个入,4987176292377,生活居家/Household,4.90,4.90,https://slptrading.com.au/products/ｐ-ｇ洗衣珠11个入粉色
P&G 宝洁洗衣凝珠 百合花香 11个入 (6) - 旧版,4987176140258,生活居家/Household,4.90,4.90,https://slptrading.com.au/products/p-g-4d洗衣凝珠-百合花香-蓝色11粒入-6
P&G 宝洁洗衣凝珠 百合花香 11个入 (6) - 新版,4987176292384,生活居家/Household,4.90,4.90,https://slptrading.com.au/products/p-g-4d洗衣凝珠-百合花香-蓝色11粒入-6
P&G 宝洁洗衣凝珠 薰衣草香 11个入 (6),4987176292698,生活居家/Household,4.90,4.90,https://slptrading.com.au/products/p-g-4d洗衣凝珠-紫色薰衣草香-11枚入-6
P&G 宝洁洗衣凝珠补充装 玫瑰花香  33个入（9）,4987176212658,生活居家/Household,14.90,14.90,https://slptrading.com.au/products/p-g-4d洗衣凝珠补充装粉色玫瑰花香-33个入
P&G 宝洁洗衣凝珠补充装 百合花香 31个入（箱柜：20）,4987176264640,生活居家/Household,14.90,14.90,https://slptrading.com.au/products/p-g洗衣珠3-3倍替换装百合花香-33个入
ST小鸡仔衣柜鞋柜去味除湿剂 (10),4901070907601,生活居家/Household,4.25,4.25,https://slptrading.com.au/products/st小鸡仔衣柜鞋柜去味除湿剂-10
ST鸡仔牌 纯植物衣柜挂式防虫防霉 花香 24个入,4901070303335,生活居家/Household,10.00,10.00,https://slptrading.com.au/products/st鸡仔牌-纯植物衣柜挂式防虫防霉-花香-24个入
ST鸡仔牌 衣物防虫剂 温和花香 700g,4901070303830,生活居家/Household,11.25,11.25,https://slptrading.com.au/products/st鸡仔牌-衣物防虫剂-温和花香-700g
UYEKI 加湿器除螨除菌液 500ml (24),4968909054004,生活居家/Household,10.17,10.17,https://slptrading.com.au/products/uyeki-加湿器除螨除菌液-500ml-24
UYEKI 除螨喷雾 (强效除螨升级版)250ml (24),4968909061804,生活居家/Household,16.80,16.80,https://slptrading.com.au/products/uyeki-除螨喷雾-强效除螨升级版250ml-24
UYEKI 除螨喷雾 除螨除菌 250ml (24),4968909061200,生活居家/Household,12.65,12.65,https://slptrading.com.au/products/uyeki-除螨喷雾-除螨除菌-250ml-24
UYEKI 除螨洗衣液 500ml,4968909061439,生活居家/Household,12.99,12.99,https://slptrading.com.au/products/uyeki-除螨洗衣液-500ml
小久保工业所 冷藏室脱臭剂 (12),4956810219872,生活居家/Household,2.90,2.90,https://slptrading.com.au/products/小久保工业所-冷藏室脱臭剂-12
小林制药 一滴消臭元 厕所除味 粉色 20ml,4987072032626,生活居家/Household,3.40,3.40,https://slptrading.com.au/products/小林制药一滴消臭元-厕所除味-粉色-20ml
小林制药 一滴消臭元 厕所除味 绿色 20ml,4987072032619,生活居家/Household,3.40,3.40,https://slptrading.com.au/products/小林制药一滴消臭元-厕所除味-绿色-20ml
小林制药 下水道清道夫 白色 12粒入 (9),4987072124901,生活居家/Household,4.70,4.70,https://slptrading.com.au/products/小林下水道清道夫-白色-12粒入-9
小林制药 内裤清洗剂 120ML (36),4987072066447,生活居家/Household,4.20,4.20,https://slptrading.com.au/products/小林内裤清洗剂-120ml-36
小林制药 厨房垃圾桶除臭贴 苹果薄荷香 2.7ML,4987072041338,生活居家/Household,2.90,2.90,https://slptrading.com.au/products/小林制药-厨房垃圾桶除臭贴-苹果薄荷香-2-7ml
小林制药 坐便除菌湿巾 替换装 (24),4987072003022,生活居家/Household,5.10,5.10,https://slptrading.com.au/products/小林制药坐便除菌湿巾-替换装-24
小林制药 排水管清道夫泡沫装 400ml (24),4987072032657,生活居家/Household,4.20,4.20,https://slptrading.com.au/products/小林制药排水管清道夫泡沫装-400ml-24
小林制药 泡沫厨房排水网清洗剂 3包入,4987072088203,生活居家/Household,3.50,3.50,https://slptrading.com.au/products/小林制药-泡沫厨房排水网清洗剂-3包入
小林制药 消臭元 400ml 卫浴木炭香（16）,4987072029664,生活居家/Household,4.70,4.70,https://slptrading.com.au/products/消臭元-400ml-卫浴木炭香-16
小林制药 消臭元 400ml 卫浴桂花香（16）,4987072054987,生活居家/Household,4.70,4.70,https://slptrading.com.au/products/消臭元-400ml-卫浴桂花香-16
小林制药 消臭元 400ml 卫浴玫瑰香 (16),4987072029695,生活居家/Household,4.70,4.70,https://slptrading.com.au/products/消臭元-400ml-卫浴玫瑰香-16
小林制药 消臭元 400ml 卫浴皂香 (16),4987072029626,生活居家/Household,4.70,4.70,https://slptrading.com.au/products/消臭元-400ml-卫浴皂香-16
小林制药 消臭元 400ml 卫浴草本香（16）,4987072056530,生活居家/Household,4.70,4.70,https://slptrading.com.au/products/消臭元-400ml-卫浴草本香
小林制药 消臭元除臭喷雾 离子柑橘香 280ml,4987072036297,生活居家/Household,3.50,3.50,https://slptrading.com.au/products/小林制药-消臭元除臭喷雾-离子柑橘香-280ml
小林制药 马桶凝胶小花3枚入 森林清香,4987072036594,生活居家/Household,2.80,2.80,https://slptrading.com.au/products/小林马桶凝胶小花3枚入森林清香
小林制药 马桶凝胶小花3枚入 玫瑰花香,4987072038697,生活居家/Household,2.80,2.80,https://slptrading.com.au/products/小林马桶凝胶小花3枚入玫瑰花香
小林制药 马桶凝胶小花3枚入蓝色皂香,4987072054215,生活居家/Household,2.80,2.80,https://slptrading.com.au/products/小林马桶凝胶小花3枚入蓝色皂香
小林制药 马桶去污除臭洁厕泡腾片 3枚入,4987072086872,生活居家/Household,4.00,4.00,https://slptrading.com.au/products/小林制药-马桶洗净中-3粒
小林制药 马桶洁厕块 皂香 120g,4987072087886,生活居家/Household,3.00,3.00,https://slptrading.com.au/products/小林制药-马桶洁厕块-皂香-120g
小林制药 马桶洁厕块 薰衣草香 120g,4987072087862,生活居家/Household,3.00,3.00,https://slptrading.com.au/products/小林制药-马桶洁厕块-薰衣草香-120g
小林制药 马桶洁厕块 西柚香 120g,4987072087893,生活居家/Household,3.10,3.10,https://slptrading.com.au/products/小林制药-马桶洁厕块-西柚香-120g
小鸡仔小白鞋漂白喷雾240ml (18),4901070908684,生活居家/Household,4.40,4.40,https://slptrading.com.au/products/小鸡仔小白鞋漂白喷雾240ml-18
庄臣一次性马桶刷本体装 (20),4901609001510,生活居家/Household,8.90,8.90,https://slptrading.com.au/products/庄臣一次性马桶刷本体装-20
庄臣厨房浴室除霉喷雾 400g (18),4901609009516,生活居家/Household,4.20,4.20,https://slptrading.com.au/products/庄臣厨房浴室除霉喷雾-400g-18
日本吉川不锈钢雪平锅 20cm SJ3413,4979487934138,生活居家/Household,21.30,21.30,https://slptrading.com.au/products/日本吉川不锈钢雪平锅-20cm-sj3413
日本吉川不锈钢雪平锅 22cm SJ3414,4979487934145,生活居家/Household,25.20,25.20,https://slptrading.com.au/products/日本吉川不锈钢雪平锅-22cm-sj3414
日本吉川不锈钢雪平锅18cm SJ3412,4979487934121,生活居家/Household,18.50,18.50,https://slptrading.com.au/products/日本吉川不锈钢雪平锅18cm-sj3412
日本吉川雪平锅用专漏网 20cm SJ3363,4979487933636,生活居家/Household,12.00,12.00,https://slptrading.com.au/products/日本吉川雪平锅用专漏网-20cm-sj3363
狮王宝宝饭兜去渍净 (24),4903301527039,生活居家/Household,4.10,4.10,https://slptrading.com.au/products/狮王宝宝饭兜去渍净-24
狮王局部重点污渍清洁剂 蓝,4903301720355,生活居家/Household,4.10,4.10,https://slptrading.com.au/products/狮王局部重点污渍清洁剂-蓝
狮王衣领净250g （24）,4903301745525,生活居家/Household,4.20,4.20,https://slptrading.com.au/products/狮王衣领净250g-24
白元鞋柜除臭,4902407395412,生活居家/Household,3.20,3.80,https://slptrading.com.au/products/白元鞋柜除臭
花王 厨房去油污喷雾 400ml （12）,4901301036155,生活居家/Household,4.85,4.85,https://slptrading.com.au/products/花王-厨房去油污喷雾-400ml-12
花王 微颗粒牙膏苏打味 120g,4901301386205,生活居家/Household,2.50,2.50,https://slptrading.com.au/products/花王-微颗粒牙膏苏打味-120g
花王 抗菌EX洗衣液 720g 室内晾晒,4901301451170,生活居家/Household,5.80,5.80,https://slptrading.com.au/products/花王-ex室内晾晒抗菌洗衣液-绿色-720g
花王 抗菌EX洗衣液 750g 强力洁净,4901301434258,生活居家/Household,5.80,5.80,https://slptrading.com.au/products/花王kao-抗菌ex洗衣液-750g-强力洁净
花王 木地板清洁剂 清新柑橘香400ml （12）,4901301322944,生活居家/Household,5.60,5.60,https://slptrading.com.au/products/花王-木地板清洁剂-清新柑橘香400ml-12
花王 真丝羊毛防缩护色洗衣液 粉色花香型 460ml （18）,4901301453594,生活居家/Household,5.20,5.20,https://slptrading.com.au/products/花王-真丝羊毛防缩护色洗衣液-粉色花香型-460ml-18
花王 真丝羊毛防缩护色洗衣液 黄色花香型 500ml （18）,4901301453563,生活居家/Household,5.20,5.20,https://slptrading.com.au/products/花王-真丝羊毛防缩护色洗衣液-黄色花香型-500ml-18
花王 餐桌玩具清洁除菌消毒湿巾 绿茶香 20枚入,4901301277299,生活居家/Household,4.50,4.50,https://slptrading.com.au/products/花王-客餐厅除菌消毒湿巾-绿茶香-20枚入
花王 马桶除菌除臭清洁喷雾 薄荷香 380ML（箱规：12）,4901301334190,生活居家/Household,4.00,4.00,https://slptrading.com.au/products/花王-马桶除菌除臭清洁喷雾-薄荷香-380ml
花王FLAIR衣物柔顺剂天鹅绒花香540ml (16),4901301420435,生活居家/Household,5.20,5.20,https://slptrading.com.au/products/花王flair衣物柔顺剂天鹅绒花香540ml-16
花王FLAIR衣物柔顺剂清新茉莉香520ML,4901301420411,生活居家/Household,5.20,5.20,https://slptrading.com.au/products/花王flair衣物柔顺剂清新茉莉香520ml
花王FLAIR衣物柔顺剂甜蜜玫瑰花香520ml (16),4901301420398,生活居家/Household,5.20,5.20,https://slptrading.com.au/products/花王flair衣物柔顺剂甜蜜玫瑰花香540ml-16
花王FLAIR衣物柔顺剂迷人花束香540ml (16),4901301420428,生活居家/Household,5.20,5.20,https://slptrading.com.au/products/花王flair衣物柔顺剂迷人花束香540ml-16
花王KAO New Beads洗衣液玫瑰味 690g（箱规：10）,4901301448019,生活居家/Household,6.20,6.20,https://slptrading.com.au/products/花王kao-new-beads洗衣液玫瑰味-690g
花王厨具灶台水槽粘板除菌漂白泡沫喷雾 400ml （12）,4901301435927,生活居家/Household,4.50,4.50,https://slptrading.com.au/products/花王厨具灶台水槽粘板除菌漂白泡沫喷雾-400ml-12
花王洗衣机清洗剂内筒去污除垢清洁剂 180g （15）,4901301244574,生活居家/Household,4.75,4.75,https://slptrading.com.au/products/花王洗衣机清洗剂内筒去污除垢清洁剂-180g-15
花王衣物EX除菌消臭喷雾 草本清香 (大衣 羊毛衣适用) 370ml （12）,4901301349040,生活居家/Household,5.40,5.40,https://slptrading.com.au/products/花王衣物ex除菌消臭喷雾-草本清香-大衣-羊毛衣适用-370ml-12
&Honey 护发精油 皂香 100ML（盒规3）,4589546894947,美发美体/Bath & Hair,15.80,15.80,https://slptrading.com.au/products/honey-sabon护发精油-100ml
&Honey 蜂蜜保湿洗发水 440ML (18),4589546890758,美发美体/Bath & Hair,19.50,19.50,https://slptrading.com.au/products/honey蜂蜜保湿洗发水-18
&Honey 蜂蜜保湿洗发水 玫瑰香 440ML (18),4589546892226,美发美体/Bath & Hair,19.50,19.50,https://slptrading.com.au/products/honey蜂蜜保湿洗发水-玫瑰香-18
Bison 爆汗汤 金木犀香 60G（12）,4901525010511,美发美体/Bath & Hair,2.70,2.70,https://slptrading.com.au/products/bison-暴汗汤-分解脂肪-入浴剂-金木犀香-60g
Bouncia 浓密泡沫沐浴露替换装 360ML优雅花香（21）,4901525011075,美发美体/Bath & Hair,5.30,5.30,https://slptrading.com.au/products/bouncia-沐浴露替换装-360ml-花香
Bouncia 浓密泡沫沐浴露替换装 360ML牛奶香（21）,4901525011068,美发美体/Bath & Hair,5.30,5.30,https://slptrading.com.au/products/bouncia-沐浴露-替换装-360ml-白皂味
Bouncia 浓密泡沫沐浴露替换装 360ML金色滋润款（21）,4901525010474,美发美体/Bath & Hair,5.30,5.30,https://slptrading.com.au/products/bouncia-沐浴露-340ml-金色-替换装
COW 牛乳石碱沐浴露柑橘柚子香 500ml (12),4901525011686,美发美体/Bath & Hair,6.80,6.80,https://slptrading.com.au/products/cow-牛乳石碱沐浴露柑橘柚子香-550ml-12
COW 牛乳石碱沐浴露温和花香 500ml (12),4901525011662,美发美体/Bath & Hair,6.80,6.80,https://slptrading.com.au/products/cow-牛乳石碱沐浴露温和花香-550ml-12
COW 牛乳石碱沐浴露皂香 500ml (12),4901525011648,美发美体/Bath & Hair,6.80,6.80,https://slptrading.com.au/products/cow-牛乳石碱沐浴露皂香-550ml-12
COW 牛乳石碱泡泡浴盐 洋甘菊香 30g（盒规：12）,4901525005203,美发美体/Bath & Hair,1.95,1.95,https://slptrading.com.au/products/cow-牛乳石碱泡泡浴盐-洋甘菊香
COW 牛乳石碱泡泡浴盐 玫瑰花香 30g（盒规：12）,4901525006644,美发美体/Bath & Hair,1.95,1.95,https://slptrading.com.au/products/cow-牛乳石碱泡泡浴盐-玫瑰花香
DIANE 洗护套装 蓝色 亮泽丰盈 450MLx2 10/箱,4580632117230,美发美体/Bath & Hair,18.50,18.50,https://slptrading.com.au/products/diane洗护套装-粉色-亮泽丰盈-450mlx2-10-箱
DIANE 洗护套装 金色 烫染修复 450MLx2 10/箱,4580632117223,美发美体/Bath & Hair,15.50,15.50,https://slptrading.com.au/products/diane洗护套装-金色-烫染修复-450mlx2-10-箱
FINO 洗发水550ml （9）,4550516475961,美发美体/Bath & Hair,12.00,12.00,https://slptrading.com.au/products/fino-洗发水550ml-9
FINO 浸透发膜美容液230g (3),4901872837144,美发美体/Bath & Hair,12.50,12.50,https://slptrading.com.au/products/fino-浸透发膜美容液230g-3
Fujiko发际线粉,4589474242216,美发美体/Bath & Hair,21.00,21.00,https://slptrading.com.au/products/fujiko发际线粉
FUJIKO蓬蓬粉,4589474242674,美发美体/Bath & Hair,25.60,25.60,https://slptrading.com.au/products/fujiko蓬蓬粉
ICHIKAMI 护发素保湿款 480g (12),4901417722447,美发美体/Bath & Hair,8.90,8.90,https://slptrading.com.au/products/ichikami-护发素保湿款-480g-12
Kaminomoto加美乃素 药用洗发水 300ml,4987046870025,美发美体/Bath & Hair,16.50,16.50,https://slptrading.com.au/products/kaminomoto加美乃素-药用洗发水-300ml
OFF&RELAX 2025春季限定洗护套装 柠檬木兰香 460ML+460ML,4570110291521,美发美体/Bath & Hair,36.00,36.00,https://slptrading.com.au/products/off-relax-2025春季限定洗护套装-柠檬木兰香-460ml-460ml
OFF&RELAX 柔顺滋养发膜 150g（盒规：12）,4580133870085,美发美体/Bath & Hair,13.50,13.50,https://slptrading.com.au/products/off-relax-柔顺滋养发膜-150g
OFF&RELAX 柔顺滋养护发素 替换装 400ML,4580133870399,美发美体/Bath & Hair,14.60,14.60,https://slptrading.com.au/products/off-relax-柔顺滋养护发素-替换装-400ml
OFF&RELAX 柔顺滋养洗发水 替换装 400ML,4580133870375,美发美体/Bath & Hair,14.60,14.60,https://slptrading.com.au/products/off-relax-柔顺滋养洗发水-替换装-400ml
OFF&RELAX 清洁控油护发素 460ml,4570110290067,美发美体/Bath & Hair,18.00,18.00,https://slptrading.com.au/products/off-relax-清洁控油护发素-460ml
OFF&RELAX 紫罗兰限定护发素 460ml,4570110290173,美发美体/Bath & Hair,16.15,18.00,https://slptrading.com.au/products/off-relax-紫罗兰限定护发素-460ml
OFF&RELAX 紫罗兰限定洗发水 替换装 400ml,4570110290227,美发美体/Bath & Hair,14.60,14.60,https://slptrading.com.au/products/off-relax-紫罗兰限定洗发水-替换装-400ml
plus eau 碎发神器 10ml 粗硬发质,4582300064761,美发美体/Bath & Hair,15.00,15.00,https://slptrading.com.au/products/plus-eau-碎发神器-10ml-粗硬发质
POLA FORM 抗糖化护发素棕色柔顺型540g (18),4953923339411,美发美体/Bath & Hair,30.00,30.00,https://slptrading.com.au/products/pola-form-抗糖化护发素棕色柔顺型540g-18
POLA FORM 抗糖化护发素粉色蓬松型540g (18),4953923339404,美发美体/Bath & Hair,30.00,30.00,https://slptrading.com.au/products/pola-form-抗糖化护发素粉色蓬松型540g-18
POLA Growing Shot 护发素 370ml (18),4953923303399,美发美体/Bath & Hair,36.65,36.65,https://slptrading.com.au/products/pola-growing-shot-护发素-370ml-18
POLA Growing Shot 洗发水 370ml (18),4953923303375,美发美体/Bath & Hair,36.65,36.65,https://slptrading.com.au/products/pola-growing-shot-洗发水-370ml-18
POLA 樱花花香沐浴露500ml (18),4953923332580,美发美体/Bath & Hair,32.80,32.80,https://slptrading.com.au/products/pola-樱花花香沐浴露500ml-18
POLA 玫瑰花香沐浴露500ml (15),4953923307281,美发美体/Bath & Hair,25.00,25.00,https://slptrading.com.au/products/pola-玫瑰花香沐浴露500ml-15
POLA 百合花香沐浴露500ml (15),4953923307298,美发美体/Bath & Hair,25.00,25.00,https://slptrading.com.au/products/pola-百合花香沐浴露500ml-15
Santan 泡澡球 桃太郎地铁 1个入,4525636324178,美发美体/Bath & Hair,6.50,6.50,https://slptrading.com.au/products/santan-桃太郎地铁-泡澡球-1个入
WHITE CONC 维C美白保湿沐浴乳360ml （3）,4990110004752,美发美体/Bath & Hair,13.20,13.20,https://slptrading.com.au/products/white-conc-维c美白保湿沐浴乳360ml-3
日本8 The thalasso宝可梦限定洗护套装,4589919567867,美发美体/Bath & Hair,36.00,36.00,https://slptrading.com.au/products/日本8-the-thalasso宝可梦限定洗护套装
日本8 The thalasso宝可梦限定海洋矿物清爽洗护套装,4589919567874,美发美体/Bath & Hair,36.00,36.00,https://slptrading.com.au/products/日本8-the-thalasso宝可梦限定海洋矿物清爽洗护套装
日本柳屋生发水240ML柑橘味 (3),4903018113518,美发美体/Bath & Hair,13.00,13.00,https://slptrading.com.au/products/日本柳屋生发水240ml柑橘味-3
日本美源染发剂5G 深棕色 箱规27,4987205080500,美发美体/Bath & Hair,9.90,9.90,https://slptrading.com.au/products/日本美源染发剂5g-深棕色-箱规27
日本美源染发剂6G 自然棕色 箱规27,4987205080609,美发美体/Bath & Hair,9.90,9.90,https://slptrading.com.au/products/日本美源染发剂6g-自然棕色-箱规27
日本美源染发膏 自然栗棕色4G 箱规27,4987205080401,美发美体/Bath & Hair,9.90,9.90,https://slptrading.com.au/products/日本美源染发膏-自然栗棕色4g-箱规27
日本花王cape发型定型喷雾紫 (6),4901301373755,美发美体/Bath & Hair,8.20,8.20,https://slptrading.com.au/products/日本花王cape发型定型喷雾紫-6
暴汗汤柚子生姜 (12),4901525008587,美发美体/Bath & Hair,2.99,2.99,https://slptrading.com.au/products/暴汗汤柚子生姜-12
暴汗汤柠檬苏打 (12),4901525001137,美发美体/Bath & Hair,2.99,2.99,https://slptrading.com.au/products/暴汗汤柠檬苏打-12
暴汗汤洋甘菊香 (12),4901525007795,美发美体/Bath & Hair,2.99,2.99,https://slptrading.com.au/products/暴汗汤洋甘菊香-12
暴汗汤热感果香 (12),4901525005296,美发美体/Bath & Hair,2.99,2.99,https://slptrading.com.au/products/暴汗汤热感果香-12
暴汗汤热感生姜 (12),4901525001120,美发美体/Bath & Hair,2.99,2.99,https://slptrading.com.au/products/暴汗汤热感生姜-12
玉之肌003玫瑰味无添加无矽护发素540ml,4904551237037,美发美体/Bath & Hair,16.50,,https://slptrading.com.au/products/玉之肌003玫瑰味无添加无矽护发素540ml
玉之肌004栀子花香味无添加无矽护发素540ml,4904551237044,美发美体/Bath & Hair,16.50,,https://slptrading.com.au/products/玉之肌004栀子花香味无添加无矽护发素540ml
玉之肌004栀子花香味无添加无矽洗发水540ml,4904551207047,美发美体/Bath & Hair,16.50,,https://slptrading.com.au/products/玉之肌004栀子花香味无添加无矽洗发水540ml
玉肌精油香氛沐浴露 004-花香540ml,4904551337041,美发美体/Bath & Hair,16.50,,https://slptrading.com.au/products/玉肌精油香氛沐浴露-004-花香540ml
白元入浴剂 粉色 （30）,4901559215227,美发美体/Bath & Hair,4.50,4.50,https://slptrading.com.au/products/白元入浴剂-粉色-30
白元入浴剂 红色 （30）,4901559215388,美发美体/Bath & Hair,4.50,4.50,https://slptrading.com.au/products/白元入浴剂-红色-30
白元入浴剂 绿色 （30）,4901559220412,美发美体/Bath & Hair,4.20,4.20,https://slptrading.com.au/products/白元入浴剂-绿色-30
白元入浴剂 蓝色 （30） - 旧版,4901559220559,美发美体/Bath & Hair,4.20,4.20,https://slptrading.com.au/products/白元入浴剂-蓝色-30
白元入浴剂 蓝色 （30） - 新版,4901559215333,美发美体/Bath & Hair,4.50,4.20,https://slptrading.com.au/products/白元入浴剂-蓝色-30
花王 梳子型遮白发染发剂  深棕色替换装 72g,4901301203014,美发美体/Bath & Hair,10.50,10.50,https://slptrading.com.au/products/花王-梳子型遮白发染发剂-深棕色替换装-72g
花王 梳子型遮白发染发剂  自然黑替换装 72g,4901301203038,美发美体/Bath & Hair,10.50,10.50,https://slptrading.com.au/products/花王-梳子型遮白发染发剂-自然黑替换装-72g
花王 梳子型遮白发染发剂 灰棕色替换装 72g,4901301203113,美发美体/Bath & Hair,10.50,10.50,https://slptrading.com.au/products/花王-梳子型遮白发染发剂-灰棕色替换装-72g
花王泡沫染发剂 午夜灰 LAW26 （24）,4901301395108,美发美体/Bath & Hair,8.90,8.90,https://slptrading.com.au/products/花王-泡沫染发剂-午夜灰-law26-24
花王洗护套装橙色 480MLx2 6/箱,4901301383020,美发美体/Bath & Hair,18.90,18.90,https://slptrading.com.au/products/花王洗护套装橙色-480mlx2-6-箱
资生堂 MA CHERIE玛宣妮 洗发水 450ml (9/箱),4550516493699,美发美体/Bath & Hair,12.00,11.50,https://slptrading.com.au/products/资生堂-ma-cherie玛宣妮-洗发水-450ml-9-箱
资生堂 MA CHERIE玛宣妮 滋润洗发水 450ml,4550516493736,美发美体/Bath & Hair,12.00,10.50,https://slptrading.com.au/products/资生堂-ma-cherie玛宣妮-滋润洗发水-450ml
资生堂 Sublimic Adenovital 洗发水（受损发质）500ml,4901872932917,美发美体/Bath & Hair,41.50,41.50,https://slptrading.com.au/products/资生堂-sublimic-adenovital-洗发水-受损发质-500ml-1
资生堂 玫瑰园发膜 220ml （2）,4901872288267,美发美体/Bath & Hair,18.50,18.50,https://slptrading.com.au/products/资生堂-玫瑰园发膜-220ml-2
资生堂TSUBAKI 特级修护免洗精华喷雾 220ml,4550516483782,美发美体/Bath & Hair,10.85,10.85,https://slptrading.com.au/products/资生堂-tsubaki-特级修护免洗精华喷雾-220ml
资生堂TSUBAKI 红椿洗发水 450ml,4550516485236,美发美体/Bath & Hair,12.00,12.00,https://slptrading.com.au/products/资生堂shiseido-tsubaki-红椿洗发水-450ml
资生堂TSUBAKI 红椿洗护套装 450ml+450ml（箱规6）,4550516502810,美发美体/Bath & Hair,20.00,20.00,https://slptrading.com.au/products/tsubaki-丝蓓绮红椿洗护套装-450ml
资生堂TSUBAKI 金椿护发素 450ml,4901872466238,美发美体/Bath & Hair,11.65,11.65,https://slptrading.com.au/products/资生堂-tsubaki-臻致修护金椿护发素-490ml-9
资生堂TSUBAKI 金椿洗发水 450ml,4550516485410,美发美体/Bath & Hair,12.00,12.00,https://slptrading.com.au/products/资生堂-tsubaki-臻致修护金椿洗发水-490ml-9
资生堂TSUBAKI 金椿洗护套装 450ml+450ml（箱规6）,4550516502827,美发美体/Bath & Hair,20.00,20.00,https://slptrading.com.au/products/tsubaki-丝蓓绮金椿洗护套装-450mlx2
资生堂专科沐浴露蓝经典花香型 500ml （9）,4901872441587,美发美体/Bath & Hair,7.50,7.50,https://slptrading.com.au/products/资生堂专科沐浴露蓝经典花香型-500ml-9
资生堂玫瑰园护发素 300ML （2）,4901872257720,美发美体/Bath & Hair,13.50,13.50,https://slptrading.com.au/products/资生堂玫瑰园护发素-300ml-2
资生堂玫瑰园洗发水 300ML （2）,4901872257713,美发美体/Bath & Hair,13.50,13.50,https://slptrading.com.au/products/资生堂玫瑰园洗发水-300ml-2
AG 抗糖修护提亮小金乳 100ml,4580504130138,美妆护肤/Beauty&Skin Care,47.90,47.90,https://slptrading.com.au/products/ag-抗糖修护提亮小金乳-100ml
AG 抗糖修护提亮小金水 120ML,4580504130046,美妆护肤/Beauty&Skin Care,45.50,45.50,https://slptrading.com.au/products/ag-抗糖修护提亮小金水-120ml
AG 抗糖小蓝罐面膜110g,4580504130947,美妆护肤/Beauty&Skin Care,44.00,44.00,https://slptrading.com.au/products/ag-抗糖小蓝罐面膜110g
AG 抗糖提亮紧致小金罐面霜 50g,4580504131081,美妆护肤/Beauty&Skin Care,102.90,102.90,https://slptrading.com.au/products/ag-抗糖提亮紧致小金罐面霜-50g
AG 抗糖舒缓保湿平衡乳 130ml,4580504130961,美妆护肤/Beauty&Skin Care,46.50,46.50,https://slptrading.com.au/products/ag-抗糖舒缓保湿平衡乳-130ml
AG 抗糖舒缓保湿平衡水乳套装 170ml+130ml,4580504139018,美妆护肤/Beauty&Skin Care,69.00,69.00,https://slptrading.com.au/products/ag-抗糖舒缓保湿平衡水乳套装-170ml-130ml
AG抗糖双层小金罐涂抹面膜 110g（新）,4580504130657,美妆护肤/Beauty&Skin Care,44.00,44.00,https://slptrading.com.au/products/ag抗糖双层小金罐涂抹面膜-110g-新
AG抗糖双闪眼霜眼膜套装,4580504130831,美妆护肤/Beauty&Skin Care,55.00,55.00,https://slptrading.com.au/products/ag抗糖双闪眼霜眼膜套装
AHC B5玻尿酸黄金面膜 5片（26.10）,8809509188163,美妆护肤/Beauty&Skin Care,15.00,15.00,https://slptrading.com.au/products/ahc-b5玻尿酸黄金面膜-5片
AKF 隐形无痕防水双眼皮贴 M 月牙型（28.06.09）,6975707381759,美妆护肤/Beauty&Skin Care,5.00,5.00,https://slptrading.com.au/products/akf-隐形无痕防水双眼皮贴-m-月牙型
AKF 隐形无痕防水双眼皮贴 S 新月型（28.06.11）,6975707381766,美妆护肤/Beauty&Skin Care,5.00,5.00,https://slptrading.com.au/products/akf-隐形无痕双眼皮贴-s-新月型
AKK 自然灵动硬芯砍刀眉笔 01 自然黑（27.08.30）,6926214823348,美妆护肤/Beauty&Skin Care,8.50,8.50,https://slptrading.com.au/products/akk-自然灵动硬芯砍刀眉笔-01-自然黑
AKK 自然灵动硬芯砍刀眉笔 03 灰咖色（27.08.23）,6926214819587,美妆护肤/Beauty&Skin Care,8.50,8.50,https://slptrading.com.au/products/akk-自然灵动硬芯砍刀眉笔-03-灰咖色
AXXZIA AG晓姿抗糖饮 30支入（26.07）,4560413153299,美妆护肤/Beauty&Skin Care,275.00,275.00,https://slptrading.com.au/products/ag晓姿抗糖饮第十代
BCL Saborino早安面膜 清爽水果,4515061190233,美妆护肤/Beauty&Skin Care,16.20,16.20,https://slptrading.com.au/products/bcl-saborino早安面膜-清爽水果
BCL Saborino早安面膜柠檬薄荷白色,4515061190257,美妆护肤/Beauty&Skin Care,16.20,16.20,https://slptrading.com.au/products/bcl-saborino早安面膜柠檬薄荷白色
BCL Saborino早安面膜牛油果黄色 - 旧版,4515061186311,美妆护肤/Beauty&Skin Care,14.90,14.90,https://slptrading.com.au/products/bcl-saborino早安面膜牛油果黄色
BCL Saborino早安面膜牛油果黄色 - 新版,4515061190202,美妆护肤/Beauty&Skin Care,16.20,16.20,https://slptrading.com.au/products/bcl-saborino早安面膜牛油果黄色
BCL Saborino早安面膜石榴玫红,4515061190240,美妆护肤/Beauty&Skin Care,16.20,16.20,https://slptrading.com.au/products/bcl-早安面膜-30枚入-红石榴
BCL Saborino晚安面膜雏菊蓝色,4515061190264,美妆护肤/Beauty&Skin Care,16.20,16.20,https://slptrading.com.au/products/bcl-saborino晚安面膜雏菊蓝色-1
CANMAKE 井田修容 01自然棕,4901008302980,美妆护肤/Beauty&Skin Care,11.00,11.00,https://slptrading.com.au/products/canmake-井田修容-01自然棕
CANMAKE 井田眼线胶笔 04酒红色,4901008310916,美妆护肤/Beauty&Skin Care,10.50,10.50,https://slptrading.com.au/products/canmake-井田眼线胶笔-04酒红色
CANMAKE 井田眼线胶笔 05焦糖色,4901008311982,美妆护肤/Beauty&Skin Care,10.50,10.50,https://slptrading.com.au/products/canmake-井田眼线胶笔-05焦糖色
CANMAKE 井田眼线胶笔 06雾梅色,4901008312606,美妆护肤/Beauty&Skin Care,10.50,10.50,https://slptrading.com.au/products/canmake-井田眼线胶笔-06雾梅色
CANMAKE 井田眼部控油打底膏,4901008306889,美妆护肤/Beauty&Skin Care,9.10,9.10,https://slptrading.com.au/products/canmake-井田眼部控油打底膏
COCOCHI AG 小金罐抗糖面膜 20g+60g,4580504131609,美妆护肤/Beauty&Skin Care,64.00,64.00,https://slptrading.com.au/products/cocochi-小金罐抗糖面膜-20g-60g
COSMETEX ROLAND 马油眼霜 20g,4936201101061,美妆护肤/Beauty&Skin Care,7.90,7.90,https://slptrading.com.au/products/cosmetex-roland-马油眼霜-20g
COSMETEX ROLAND 马油面霜 100g,4936201100842,美妆护肤/Beauty&Skin Care,6.90,6.90,https://slptrading.com.au/products/cosmetex-roland-马油面霜-100g
CPB 洗面奶 清爽型 140g,4514254993286,美妆护肤/Beauty&Skin Care,71.40,71.40,https://slptrading.com.au/products/cpb-洗面奶-清爽型-140g
CUREL珂润泡沫洁面乳 绿色控油款 150ML (24),4901301264336,美妆护肤/Beauty&Skin Care,16.30,16.30,https://slptrading.com.au/products/curel珂润泡沫洁面乳-绿色控油款-150ml-24
cure去角质啫喱 (6),4589563520102,美妆护肤/Beauty&Skin Care,25.00,25.00,https://slptrading.com.au/products/cure去角质啫喱-6
DAISO大创粉扑化妆刷专用清洁剂 80ml,4979909734971,美妆护肤/Beauty&Skin Care,2.00,2.00,https://slptrading.com.au/products/daiso大创粉扑化妆刷专用清洁剂-80ml
DHC 卸妆油 150ml,4511413308325,美妆护肤/Beauty&Skin Care,28.00,28.00,https://slptrading.com.au/products/dhc卸妆油-150ml
DUP 隐形双眼皮贴 浅蓝180枚,4946324026370,美妆护肤/Beauty&Skin Care,12.50,12.50,https://slptrading.com.au/products/dup-隐形双眼皮贴-浅蓝180枚
DUP 隐形双眼皮贴 粉色120枚,4946324021740,美妆护肤/Beauty&Skin Care,12.50,12.50,https://slptrading.com.au/products/dup-隐形双眼皮贴-粉色120枚
DUP 隐形双眼皮贴 绿色144枚,4946324029876,美妆护肤/Beauty&Skin Care,12.50,12.50,https://slptrading.com.au/products/dup-隐形双眼皮贴-绿色144枚
DUP 隐形双眼皮贴 蓝色120枚,4946324021733,美妆护肤/Beauty&Skin Care,12.50,12.50,https://slptrading.com.au/products/dup-隐形双眼皮贴-蓝色120枚
ETTUSAIS 艾杜纱睫毛打底膏,4932554989233,美妆护肤/Beauty&Skin Care,14.60,14.60,https://slptrading.com.au/products/ettusais-艾杜纱睫毛打底膏
FANCL 2024限定增量版卸妆油 140ml 黑色木炭款,4908049648497,美妆护肤/Beauty&Skin Care,22.00,22.00,https://slptrading.com.au/products/fancl-2024限定增量版卸妆油-140ml-黑色木炭款
FLORTTE “爱老虎油”滋养护唇油 00#爱老虎油（27.04.09）,6926309386390,美妆护肤/Beauty&Skin Care,6.99,6.99,https://slptrading.com.au/products/flortte-爱老虎油-滋养护唇油-00-爱老虎油
FLORTTE 好胖友俱乐部系列双头刀锋眉笔染眉膏 01#美式加冰（27.04.16）,6977208190656,美妆护肤/Beauty&Skin Care,6.50,6.50,https://slptrading.com.au/products/flortte-好胖友俱乐部系列双头刀锋眉笔染眉膏-01-美式加冰
FLORTTE 好胖友俱乐部系列双头刀锋眉笔染眉膏 02#你好美眉（27.04.16）,6977208190663,美妆护肤/Beauty&Skin Care,6.50,6.50,https://slptrading.com.au/products/flortte-好胖友俱乐部系列双头刀锋眉笔染眉膏-02-你好美眉
FLORTTE 好胖友俱乐部系列双头刀锋眉笔染眉膏 04#花生可可（27.04.16）,6977208190687,美妆护肤/Beauty&Skin Care,6.50,6.50,https://slptrading.com.au/products/flortte-好胖友俱乐部系列双头刀锋眉笔染眉膏-04-花生可可
FLORTTE 心动狙击液体眼影 01#玻璃碎了（27.06.17）,6926309385881,美妆护肤/Beauty&Skin Care,6.99,6.99,https://slptrading.com.au/products/flortte-心动狙击液体眼影-01-玻璃碎了
FLORTTE 心动狙击液体眼影 02#电影结束了（27.01.01）,6926309385898,美妆护肤/Beauty&Skin Care,6.99,6.99,https://slptrading.com.au/products/flortte-心动狙击液体眼影-02-电影结束了
FLORTTE 心动狙击液体眼影 03#冰激凌化了（27.04.07）,6926309385904,美妆护肤/Beauty&Skin Care,6.99,6.99,https://slptrading.com.au/products/flortte-心动狙击液体眼影-03-冰激凌化了
FLORTTE 心动狙击液体眼影 06#星星眨眼（27.04.25）,6926309386451,美妆护肤/Beauty&Skin Care,6.99,6.99,https://slptrading.com.au/products/flortte-心动狙击液体眼影-06-星星眨眼
FLORTTE 心动狙击液体眼影 07#花太阳彩虹你（27.04.07）,6926309386468,美妆护肤/Beauty&Skin Care,6.99,6.99,https://slptrading.com.au/products/flortte-心动狙击液体眼影-07-花太阳彩虹你
FLORTTE 我爱我小姐系列 卧蚕眼影笔 04#辣目蓝莓（27.05.06）,6926309390793,美妆护肤/Beauty&Skin Care,5.99,5.99,https://slptrading.com.au/products/flortte-我爱我小姐系列-卧蚕眼影笔-04-辣目蓝莓-升级版
FLORTTE 自恋系列不沾杯固体唇蜜 04#茶煮蔷薇（27.05.23）,6977208191233,美妆护肤/Beauty&Skin Care,10.99,10.99,https://slptrading.com.au/products/flortte-自恋系列不沾杯固体唇蜜-04-茶煮蔷薇
FLORTTE 自恋系列不沾杯固体唇蜜 06#冷浸海棠（27.05.22）,6977208191257,美妆护肤/Beauty&Skin Care,10.99,10.99,https://slptrading.com.au/products/flortte-自恋系列不沾杯固体唇蜜-06-冷浸海棠
INTOYOU 女主角唇泥 EM02 桃红色（26.12.20）,6938582373967,美妆护肤/Beauty&Skin Care,9.00,9.00,https://slptrading.com.au/products/intoyou-女主角唇泥-em02-桃红色
INTOYOU 女主角唇泥 EM03 焦糖茶棕色（26.12.13）,6938582373974,美妆护肤/Beauty&Skin Care,9.00,9.00,https://slptrading.com.au/products/intoyou-女主角唇泥-em03-焦糖茶棕色
INTOYOU 女主角唇泥 EM07 深赤豆色（27.05.26）,6938582374018,美妆护肤/Beauty&Skin Care,9.00,9.00,https://slptrading.com.au/products/intoyou-女主角唇泥-em07-深赤豆色
INTOYOU 女主角唇泥 EM09 肉桂乌龙色（27.05.11）,6973391730068,美妆护肤/Beauty&Skin Care,9.00,9.00,https://slptrading.com.au/products/intoyou-女主角唇泥-em09-肉桂乌龙色
INTOYOU 女主角唇泥 EM15 甜桃粉（27.02.21）,6973391730587,美妆护肤/Beauty&Skin Care,9.00,9.00,https://slptrading.com.au/products/intoyou-女主角唇泥-em15-甜桃粉
INTOYOU 女主角唇泥 EM16 海盐玫瑰（27.05.08）,6973391730594,美妆护肤/Beauty&Skin Care,9.00,9.00,https://slptrading.com.au/products/intoyou-女主角唇泥-em16-海盐玫瑰
INTOYOU 女主角唇泥 EM17 蜜桃山楂（26.10.28）,6973391730600,美妆护肤/Beauty&Skin Care,9.00,9.00,https://slptrading.com.au/products/intoyou-女主角唇泥-em17-蜜桃山楂
INTOYOU 女主角唇泥 EM21 肉桂朋克（27.05.27）,6973391731041,美妆护肤/Beauty&Skin Care,9.00,9.00,https://slptrading.com.au/products/intoyou-女主角唇泥-em21-肉桂朋克
INTOYOU 女主角唇泥 EM25 半色芋（27.01.19）,6973391731942,美妆护肤/Beauty&Skin Care,9.00,9.00,https://slptrading.com.au/products/intoyou-女主角唇泥-em25-半色芋
INTOYOU 空气系列唇泥 C2 珊瑚芍药（27.01.17）,6973391730716,美妆护肤/Beauty&Skin Care,9.00,9.00,https://slptrading.com.au/products/intoyou-空气系列唇泥-c2-珊瑚芍药
INTOYOU 空气系列唇泥 C3 蔷薇梅子（27.01.18）,6973391730723,美妆护肤/Beauty&Skin Care,9.00,9.00,https://slptrading.com.au/products/intoyou-空气系列唇泥-c3-蔷薇梅子
INTOYOU 空气系列唇泥 N2 樱桃小莓（27.01.23）,6973391730747,美妆护肤/Beauty&Skin Care,9.00,9.00,https://slptrading.com.au/products/intoyou-空气系列唇泥-n2-樱桃小莓
INTOYOU 空气系列唇泥 N4 水粉盐桔（27.01.13）,6973391731911,美妆护肤/Beauty&Skin Care,9.00,9.00,https://slptrading.com.au/products/intoyou-空气系列唇泥-n4-水粉盐桔
INTOYOU 空气系列唇泥 N5 生晒花枝（27.08.20）,6973391732772,美妆护肤/Beauty&Skin Care,9.00,9.00,https://slptrading.com.au/products/intoyou-空气系列唇泥-n5-生晒花枝
INTOYOU 空气系列唇泥 N6 白日玫瑰（27.02.05）,6973391732789,美妆护肤/Beauty&Skin Care,9.00,9.00,https://slptrading.com.au/products/intoyou-空气系列唇泥-n6-白日玫瑰
Ipsa 伊芙莎三色遮瑕,4931449433080,美妆护肤/Beauty&Skin Care,61.50,61.50,https://slptrading.com.au/products/ipsa-伊芙莎三色遮瑕
IPSA 补水精华棒 9.2g,4931449436869,美妆护肤/Beauty&Skin Care,50.00,50.00,https://slptrading.com.au/products/ipsa-补水精华棒-9-2g
Ipsa伊芙莎 流金水200ml,4931449437378,美妆护肤/Beauty&Skin Care,46.00,46.00,https://slptrading.com.au/products/ipsa伊芙莎-流金水200ml
Judydoll 橘朵光影修容提亮液 01 冷灰棕（27.09.13）,6976436773952,美妆护肤/Beauty&Skin Care,9.50,9.50,https://slptrading.com.au/products/judydoll-橘朵光影修容提亮液-01-冷灰棕
Judydoll 橘朵唇粉霜 N01 橘委屈（27.09.05）,6976436772702,美妆护肤/Beauty&Skin Care,12.00,12.00,https://slptrading.com.au/products/judydoll-橘朵唇粉霜-01-橘委屈
Judydoll 橘朵唇粉霜 N03 小辣妹（27.08.20）,6976436772726,美妆护肤/Beauty&Skin Care,12.00,12.00,https://slptrading.com.au/products/judydoll-橘朵唇粉霜-03-小辣妹
Judydoll 橘朵唇粉霜 N04 榴下来（27.09.29）,6976436772733,美妆护肤/Beauty&Skin Care,12.00,12.00,https://slptrading.com.au/products/judydoll-橘朵唇粉霜-n04-榴下来
Judydoll 橘朵唇粉霜 N05 好桃厌（27.09.06）,6976436772740,美妆护肤/Beauty&Skin Care,12.00,12.00,https://slptrading.com.au/products/judydoll-橘朵唇粉霜-05-好桃厌
Judydoll 橘朵唇粉霜 运动系列 N01 橘委屈（27.05.13）,6976436773181,美妆护肤/Beauty&Skin Care,12.00,12.00,https://slptrading.com.au/products/judydoll-橘朵唇粉霜-运动系列-n01-橘委屈
Judydoll 橘朵唇粉霜 运动系列 N013 不逃避（27.06.17）,6976436773198,美妆护肤/Beauty&Skin Care,12.00,12.00,https://slptrading.com.au/products/judydoll-橘朵唇粉霜-运动系列-n013-不逃避
Judydoll 橘朵唇粉霜 运动系列 N016 高能红（27.05.14）,6976436773204,美妆护肤/Beauty&Skin Care,12.00,12.00,https://slptrading.com.au/products/judydoll-橘朵唇粉霜-运动系列-n016-高能红
Judydoll 橘朵唇粉霜HUG系列 06 有意式（26.12.25）,6976436770005,美妆护肤/Beauty&Skin Care,12.00,12.00,https://slptrading.com.au/products/judydoll-橘朵唇粉霜hug系列-06-有意式
Judydoll 橘朵唇粉霜HUG系列 08 莫楂心（26.11.18）,6976436770029,美妆护肤/Beauty&Skin Care,12.00,12.00,https://slptrading.com.au/products/judydoll-橘朵唇粉霜hug系列-08-莫楂心
Judydoll 橘朵唇粉霜HUG系列 09 棕意你（26.11.17）,6976436770036,美妆护肤/Beauty&Skin Care,12.00,12.00,https://slptrading.com.au/products/judydoll-橘朵唇粉霜hug系列-09-棕意你
KAI贝印 3D修眉剪刀,4901601980059,美妆护肤/Beauty&Skin Care,7.72,7.72,https://slptrading.com.au/products/贝印3d修眉剪刀
KAI贝印 修眉刀 3枚入（盒柜10）,4901331012860,美妆护肤/Beauty&Skin Care,2.80,2.80,https://slptrading.com.au/products/kai-贝印修眉刀-3枚入-10
KAI贝印 修眉刀 6枚入,4901331002649,美妆护肤/Beauty&Skin Care,7.00,7.00,https://slptrading.com.au/products/kai-贝印修眉刀-6枚入
KATE 三色立体眉粉 EX5,4973167208397,美妆护肤/Beauty&Skin Care,17.50,17.50,https://slptrading.com.au/products/kate-三色立体眉粉-ex5
KISSME 染眉膏 05 甜蜜亮棕,4901433141048,美妆护肤/Beauty&Skin Care,10.80,10.80,https://slptrading.com.au/products/kissme-染眉膏-05-甜蜜亮棕
KISSME 睫毛膏浓密 棕色,4901433037082,美妆护肤/Beauty&Skin Care,15.50,15.50,https://slptrading.com.au/products/kissme-睫毛膏浓密-棕色
KISSME 睫毛膏纤长 棕色,4901433037075,美妆护肤/Beauty&Skin Care,15.50,15.50,https://slptrading.com.au/products/kissme-睫毛膏纤长-棕色
KOSE 泡沫美白洁面乳 200ml,4971710319699,美妆护肤/Beauty&Skin Care,6.90,6.90,https://slptrading.com.au/products/kose-美白泡沫洁面乳-200ml
KOSE 爆弹面膜 7枚入 急救维稳,4971710521580,美妆护肤/Beauty&Skin Care,8.00,8.00,https://slptrading.com.au/products/kose-爆弹面膜-7枚入-急救维稳
KOSE 爆弹面膜 7枚入 控油祛痘,4971710555981,美妆护肤/Beauty&Skin Care,8.00,8.00,https://slptrading.com.au/products/kose素肌面膜7枚入
KOSE 爆弹面膜 7枚入 提亮细致毛孔,4971710576191,美妆护肤/Beauty&Skin Care,8.00,8.00,https://slptrading.com.au/products/kose-爆弹面膜-7枚入-提亮细致毛孔
KOSE 爆弹面膜 7枚入 超保湿,4971710521597,美妆护肤/Beauty&Skin Care,8.00,8.00,https://slptrading.com.au/products/kose-爆弹面膜-7枚入-超保湿
KOSE 高丝CLEAR TURN 六合一补水保湿面膜 50枚入,4971710382884,美妆护肤/Beauty&Skin Care,15.60,15.60,https://slptrading.com.au/products/kose高丝-clear-turn六合一补水保湿面膜-50片
KOSE 高丝SOFTYMO 6和1温和眼唇卸妆湿巾 80枚入,4971710587463,美妆护肤/Beauty&Skin Care,11.50,11.50,https://slptrading.com.au/products/kose-高丝softymo-6和1温和眼唇卸妆湿巾-80枚入
LULULUN over45面膜 粉色 7枚,4582305068900,美妆护肤/Beauty&Skin Care,7.50,7.50,https://slptrading.com.au/products/lululun-over45面膜-粉色-7枚
LULULUN 红色保湿面膜 7枚入,4582305068887,美妆护肤/Beauty&Skin Care,7.50,7.50,https://slptrading.com.au/products/lululun-红色保湿面膜-7枚入
Nursery 柚子卸妆油180ml（6）,4560202020641,美妆护肤/Beauty&Skin Care,19.50,19.50,https://slptrading.com.au/products/nursery-柚子卸妆油180ml-6
OUT OF OFFICE 双头光影CP修容液（26.11.30）,6972763510949,美妆护肤/Beauty&Skin Care,17.50,17.50,https://slptrading.com.au/products/out-of-office-双头光影cp修容液
Piara 佩冉炫光持色眼线胶笔 01 丝滑黑巧（26.10.25）,6974138830089,美妆护肤/Beauty&Skin Care,5.99,5.99,https://slptrading.com.au/products/piara-佩冉炫光持色眼线胶笔-01-丝滑黑巧
Piara 佩冉炫光持色眼线胶笔 02 醇香摩卡（27.08.20）,6974138830096,美妆护肤/Beauty&Skin Care,5.99,5.99,https://slptrading.com.au/products/piara-佩冉炫光持色眼线胶笔-01-醇香摩卡
POLA 黑BA防晒霜,4953923310410,美妆护肤/Beauty&Skin Care,117.60,117.60,https://slptrading.com.au/products/pola-黑ba防晒霜
Quality 皇后的秘密 粉色紧致抗老面膜 7枚入,4560401461498,美妆护肤/Beauty&Skin Care,10.50,10.50,https://slptrading.com.au/products/quality-皇后的秘密-粉色紧致抗老面膜-7枚入
Quality 皇后的秘密 绿色舒缓维稳面膜 7枚入,4560401461443,美妆护肤/Beauty&Skin Care,10.50,10.50,https://slptrading.com.au/products/quality-皇后的秘密-绿色舒缓维稳面膜-7枚入
ROHTO 乐敦CC酵素洗面奶 130G,4987241173242,美妆护肤/Beauty&Skin Care,10.50,10.50,https://slptrading.com.au/products/rohto-乐敦cc酵素洗面奶-130g
ROSY ROSA 修眉剪刀,4901604457220,美妆护肤/Beauty&Skin Care,13.65,13.65,https://slptrading.com.au/products/rosy-rosa-修眉剪刀
ROSY ROSA 化妆刷 多功能散粉刷,4901604454410,美妆护肤/Beauty&Skin Care,14.00,14.00,https://slptrading.com.au/products/rosy-rosa-化妆刷-多功能散粉刷
ROSYROSA 蜜粉扑,4901604451983,美妆护肤/Beauty&Skin Care,6.30,6.30,https://slptrading.com.au/products/rosyrosa-蜜粉扑
SANA 3in1眉笔 01,4964596702211,美妆护肤/Beauty&Skin Care,16.50,,https://slptrading.com.au/products/sana-3in1眉笔-01
SANA 3in1眉笔 02,4964596702228,美妆护肤/Beauty&Skin Care,16.50,,https://slptrading.com.au/products/sana-3in1眉笔-02
SANA 3in1眉笔 03,4964596702235,美妆护肤/Beauty&Skin Care,16.50,,https://slptrading.com.au/products/sana-3in1眉笔-03
SANA 豆乳化妆水清爽型 200ml,4964596701122,美妆护肤/Beauty&Skin Care,9.20,9.20,https://slptrading.com.au/products/sana-豆乳化妆水清爽型-200ml
SPA  升级版蛇毒眼膜 60枚,4544877510744,美妆护肤/Beauty&Skin Care,42.50,42.50,https://slptrading.com.au/products/spa-升级版蛇毒眼膜-60枚
SUISAI黑色竹炭酵素洗颜粉,4973167030141,美妆护肤/Beauty&Skin Care,22.00,22.00,https://slptrading.com.au/products/suisai黑色竹炭酵素洗颜粉
UNNY 三合一防晒隔离霜,6974108367386,美妆护肤/Beauty&Skin Care,11.50,11.50,https://slptrading.com.au/products/unny-三合一防晒隔离霜
unny 四色眼影盘 02枫糖香槟 （26.04.16）,6974108364958,美妆护肤/Beauty&Skin Care,10.00,10.00,https://slptrading.com.au/products/unny-四色眼影盘-02枫糖香槟-26-04-16
unny 四色眼影盘 03纯露罗莎（26.04.25）,6974108364965,美妆护肤/Beauty&Skin Care,10.00,10.00,https://slptrading.com.au/products/unny-四色眼影盘-03纯露罗莎
UNNY 柔妆持久眉粉 03烟灰棕（27.02.27）,6976170270076,美妆护肤/Beauty&Skin Care,8.50,8.50,https://slptrading.com.au/products/unny-柔妆持久眉粉-烟灰棕
UNNY 液体眼影 01 炫彩迷光（26.02.15）,6974108364507,美妆护肤/Beauty&Skin Care,5.99,5.99,https://slptrading.com.au/products/unny-液体眼影-01-炫彩迷光
UNNY 液体眼影 02 碧落繁星（26.08.31）,6974108367591,美妆护肤/Beauty&Skin Care,5.99,5.99,https://slptrading.com.au/products/unny-液体眼影-02-碧落繁星
UNO 五合一防晒保湿面霜 蓝色80G,4550516495273,美妆护肤/Beauty&Skin Care,15.00,15.00,https://slptrading.com.au/products/uno-五合一防晒保湿面霜-蓝色80g
UNO 五合一高保湿面霜 红色90G - 旧版,4901872449705,美妆护肤/Beauty&Skin Care,11.00,11.00,https://slptrading.com.au/products/uno-五合一高保湿面霜-红色90g
UNO 五合一高保湿面霜 红色90G - 新版,4550516495266,美妆护肤/Beauty&Skin Care,11.30,11.00,https://slptrading.com.au/products/uno-五合一高保湿面霜-红色90g
UNO 多效抗初老保湿晚霜  90g,4901872445462,美妆护肤/Beauty&Skin Care,16.90,16.90,https://slptrading.com.au/products/uno-多效抗初老保湿晚霜-90g
UNO 男士乳液 机能水乳一体清爽型 160ML,4901872449729,美妆护肤/Beauty&Skin Care,9.00,9.00,https://slptrading.com.au/products/uno-男士乳液-机能水乳一体清爽型-160ml
UNO 男士保湿化妆水爽肤水 200ML 清爽补水,4901872459988,美妆护肤/Beauty&Skin Care,9.00,9.00,https://slptrading.com.au/products/uno-男士保湿化妆水爽肤水-200ml-清爽补水
UNO 男士定型发蜡 80g,4901872447015,美妆护肤/Beauty&Skin Care,9.50,9.50,https://slptrading.com.au/products/uno-男士定型发蜡-80g
VC 白泥酵素洁面 120g,4936201107599,美妆护肤/Beauty&Skin Care,5.90,5.90,https://slptrading.com.au/products/vc-白泥酵素洁面-120g
VDL 贝壳提亮液 30ml（27.02.19）,8801051355819,美妆护肤/Beauty&Skin Care,21.00,21.00,https://slptrading.com.au/products/vdl-贝壳提亮液-30ml
ZEFF素颜霜 45g（27.03）,4573501311877,美妆护肤/Beauty&Skin Care,10.50,10.50,https://slptrading.com.au/products/zeff素颜霜-45g
乐敦CC淡斑美容液 20ml (5),4987241169658,美妆护肤/Beauty&Skin Care,13.60,13.60,https://slptrading.com.au/products/乐敦cc淡斑美容液-20ml-5
佑天兰玻尿酸面膜红 3片,4901234299214,美妆护肤/Beauty&Skin Care,7.60,7.60,https://slptrading.com.au/products/佑天兰玻尿酸面膜红-3片
佑天兰胶原蛋白面膜蓝 3片,4901234299313,美妆护肤/Beauty&Skin Care,7.60,7.60,https://slptrading.com.au/products/佑天兰胶原蛋白面膜蓝-3片
佑天兰蜂王浆面膜金3片,4901234299719,美妆护肤/Beauty&Skin Care,7.60,7.60,https://slptrading.com.au/products/佑天兰蜂王浆面膜金3片
尔木萄星动化妆刷收纳包,6972507564498,美妆护肤/Beauty&Skin Care,1.99,1.99,https://slptrading.com.au/products/尔木萄星动化妆刷收纳包
尤妮佳化妆棉 32枚粉色 (32),4903111467938,美妆护肤/Beauty&Skin Care,4.44,4.44,https://slptrading.com.au/products/尤妮佳化妆棉-32枚粉色-32
敷尔佳清痘净肤修护贴 5片（27.06.16）,6971899511080,美妆护肤/Beauty&Skin Care,17.50,17.50,https://slptrading.com.au/products/敷尔佳清痘净肤修护贴-5片
敷尔佳积雪草修护贴 5片（27.06.17）,6971899511417,美妆护肤/Beauty&Skin Care,17.50,17.50,https://slptrading.com.au/products/敷尔佳积雪草面膜-5片
敷尔佳虾青素传明酸修护贴 5片（27.07）,6971899511035,美妆护肤/Beauty&Skin Care,15.50,15.50,https://slptrading.com.au/products/敷尔佳虾青素传明酸修护贴-5片
晓姿AXXZIA 4D金字塔眼膜 60枚,4560413153091,美妆护肤/Beauty&Skin Care,107.25,,https://slptrading.com.au/products/晓姿axxzia-4d金字塔眼膜-60枚
曼丹婴儿面膜 弹力紧致橙 5片,4902806438161,美妆护肤/Beauty&Skin Care,8.50,8.50,https://slptrading.com.au/products/曼丹婴儿面膜-弹力紧致橙-5片
曼丹婴儿面膜 收缩毛孔蓝 5片,4902806437980,美妆护肤/Beauty&Skin Care,8.50,8.50,https://slptrading.com.au/products/曼丹婴儿面膜-收缩毛孔蓝-5片
曼丹婴儿面膜 补水保湿粉 5片,4902806438093,美妆护肤/Beauty&Skin Care,8.50,8.50,https://slptrading.com.au/products/曼丹婴儿面膜-补水保湿粉-5片
曼丹眼唇卸妆液,4902806314946,美妆护肤/Beauty&Skin Care,9.60,9.60,https://slptrading.com.au/products/曼丹眼唇卸妆液
曼丹美肌多效卸妆水 提亮型 400ml,4902806113112,美妆护肤/Beauty&Skin Care,13.10,13.10,https://slptrading.com.au/products/曼丹美肌多效卸妆水-提亮型-400ml
曼丹美肌多效卸妆水 滋润型 400ml,4902806113143,美妆护肤/Beauty&Skin Care,13.10,13.10,https://slptrading.com.au/products/曼丹美肌多效卸妆水-滋润型-400ml
植村秀55号粉底刷,4935421639941,美妆护肤/Beauty&Skin Care,54.60,54.60,https://slptrading.com.au/products/植村秀55号粉底刷
植村秀眉笔 #5号色,4935421013918,美妆护肤/Beauty&Skin Care,32.00,32.00,https://slptrading.com.au/products/植村秀眉笔-2号色
海泥洗面奶黄色,4901696542231,美妆护肤/Beauty&Skin Care,7.00,7.00,https://slptrading.com.au/products/海泥洗面奶黄色
纱荣子假睫毛 05 GIRLY WINK眨眼少女,4560364939263,美妆护肤/Beauty&Skin Care,12.00,12.00,https://slptrading.com.au/products/纱荣子假睫毛05号
纱荣子假睫毛 12 SWEET BROWN香醇可可,4560364939331,美妆护肤/Beauty&Skin Care,12.00,12.00,https://slptrading.com.au/products/纱荣子假睫毛12号
纱荣子假睫毛 18 GIRLY MIX混搭少女,4560364939393,美妆护肤/Beauty&Skin Care,12.00,12.00,https://slptrading.com.au/products/纱荣子假睫毛18号
肌美精 晚间传明酸美白亮肤3D面膜 3枚入,4901417629166,美妆护肤/Beauty&Skin Care,9.50,9.50,https://slptrading.com.au/products/肌美精-晚间传明酸美白亮肤3d面膜-3枚入
肌美精 晚间白桦舒缓滋润3D面膜 3枚入,4901417629142,美妆护肤/Beauty&Skin Care,9.50,9.50,https://slptrading.com.au/products/肌美精-晚间白桦舒缓滋润3d面膜-3枚入
肌美精 晚间蜂皇浆保湿水润3D面膜 3枚入,4901417629159,美妆护肤/Beauty&Skin Care,9.50,9.50,https://slptrading.com.au/products/肌美精-晚间蜂皇浆保湿水润3d面膜-3枚入
肌美精3D面膜 补水保湿粉 4片,4901417630674,美妆护肤/Beauty&Skin Care,9.20,9.20,https://slptrading.com.au/products/肌美精3d面膜-补水保湿粉-4片
蒂佳婷V7素颜霜,8809844996089,美妆护肤/Beauty&Skin Care,27.30,27.30,https://slptrading.com.au/products/蒂佳婷v7素颜霜
薏仁保湿面霜 （6）,4903335695551,美妆护肤/Beauty&Skin Care,10.80,10.80,https://slptrading.com.au/products/薏仁保湿面霜-6
豆腐の盛田屋 豆乳酸奶面膜 150g,4560147175291,美妆护肤/Beauty&Skin Care,22.60,22.60,https://slptrading.com.au/products/豆腐の盛田屋-豆乳酸奶面膜-150g
资生堂 专科洁面 绿色 120g,4550516474902,美妆护肤/Beauty&Skin Care,9.00,9.00,https://slptrading.com.au/products/资生堂-专科洁面-绿色-120g
资生堂 百优面霜 50ML,1230,美妆护肤/Beauty&Skin Care,73.00,73.00,https://slptrading.com.au/products/资生堂-百优面霜-50ml
资生堂蓝胖子防晒霜,4514254962886,美妆护肤/Beauty&Skin Care,69.00,69.00,https://slptrading.com.au/products/资生堂蓝胖子防晒霜
VT Cica痘痘贴 48枚入（28.06.12）,8809559624031,韩国精选,4.99,4.99,https://slptrading.com.au/products/vt-cica痘痘贴-48枚入
JM 滋养急救药瓶面膜 10片（）,8809505542143,韩国精选,10.50,10.50,https://slptrading.com.au/products/jm-滋养急救药瓶面膜-10片
AHC B5玻尿酸补水面膜 5片（27.05.30）,8809570319909,韩国精选,9.90,9.90,https://slptrading.com.au/products/ahc-b5玻尿酸补水面膜-5片
JM 白珍珠三部曲面膜 10片（27.05）,8809505541764,韩国精选,10.50,10.50,https://slptrading.com.au/products/jm-白珍珠三部曲面膜-10片
JM 水光蜂蜜面膜 10片（26.09）,8809505541047,韩国精选,10.50,10.50,https://slptrading.com.au/products/jm-水光蜂蜜面膜-10片
JM 燕窝营养面膜 10片（27.09）,8809505547667,韩国精选,10.50,10.50,https://slptrading.com.au/products/jm-燕窝营养面膜-10片
JM 鱼子酱精华面膜 10片（27.06）,8809505547698,韩国精选,10.50,10.50,https://slptrading.com.au/products/jm-鱼子酱精华面膜-10片
蒂佳婷蓝色药丸面膜 5片（27.1）,8809642712218,韩国精选,11.00,11.00,https://slptrading.com.au/products/蒂佳婷蓝色药丸面膜-5片
吕（棕）护发素 592ml （12）,8809925196179,韩国精选,13.90,13.90,https://slptrading.com.au/products/吕-棕-护发素550ml-8
Torriden 桃瑞丹玻尿酸面膜 10PCS（28.01.21）,8809504742865,韩国精选,22.50,22.50,https://slptrading.com.au/products/torriden-桃瑞丹玻尿酸面膜-10pcs
AHC 黑松露黑金面膜 5片（27.01）,8809759094351,韩国精选,15.50,15.50,https://slptrading.com.au/products/ahc-黑松露黑金面膜-5片
JM 蜗牛原液面膜 10片（27.07）,8809505547711,韩国精选,10.50,10.50,https://slptrading.com.au/products/jm-蜗牛原液面膜-10片
JM 水母弹力面膜 10片（27.06）,8809505547636,韩国精选,10.50,10.50,https://slptrading.com.au/products/jm-水母弹力面膜-10片
Biodance 胶原蛋白深层面膜 4枚入（2028.02）,8809937360612,韩国精选,23.00,23.00,https://slptrading.com.au/products/biodance-胶原蛋白深层面膜-4枚入-2028-02
爱茉莉泡沫染发剂哑光棕 8MB（8）,8809925150355,韩国精选,17.50,17.50,https://slptrading.com.au/products/爱茉莉泡沫染发剂8mb
Torriden 桃瑞丹积雪草面膜 10PCS（27.04.08）,8809784601272,韩国精选,22.50,22.50,https://slptrading.com.au/products/torriden-桃瑞丹积雪草面膜-10pcs
JM 虾青素面膜 10片,8809711711562,韩国精选,10.50,10.50,https://slptrading.com.au/products/jm-虾青素面膜-10片
JM 牛油果精华面膜 10片（27.04）,8809505543492,韩国精选,10.50,10.50,https://slptrading.com.au/products/jm-牛油果精华面膜-10片
AHC B5玻尿酸洗面奶（26.05.01）,8809570317981,韩国精选,18.00,18.00,https://slptrading.com.au/products/ahc-b5玻尿酸洗面奶
爱茉莉泡沫染发剂卡其棕7k (8),8809925150362,韩国精选,17.50,17.50,https://slptrading.com.au/products/爱茉莉泡沫染发剂卡其棕7k-8
REJURAN丽珠兰水光补水保湿面膜 5片入（27.04）,8806121401991,韩国精选,14.50,14.50,https://slptrading.com.au/products/rejuran丽珠兰水光补水保湿面膜-5片入-27-04
爱茉莉泡沫染发剂紫罗兰7V (8),8809925151017,韩国精选,17.50,17.50,https://slptrading.com.au/products/爱茉莉泡沫染发剂紫罗兰7v-8
REJURAN丽珠兰补水保湿修护面膜 5枚入（27.01）,8806121402134,韩国精选,11.50,11.50,https://slptrading.com.au/products/rejuran-补水保湿修护面膜-5枚入-27-01
爱茉莉泡沫染发剂灰褐色7A (8),8809925151093,韩国精选,17.50,17.50,https://slptrading.com.au/products/爱茉莉泡沫染发剂灰褐色7a-8
爱茉莉泡沫染发玫瑰粉7AR (8),8809925151048,韩国精选,17.50,17.50,https://slptrading.com.au/products/爱茉莉泡沫染发玫瑰粉7ar-8
爱茉莉泡沫染发剂米灰色10AB (8),8809925151079,韩国精选,17.50,17.50,https://slptrading.com.au/products/爱茉莉泡沫染发剂米灰色10ab-8
爱茉莉泡沫染发巧克力棕6N (8),8809925150379,韩国精选,17.50,17.50,https://slptrading.com.au/products/爱茉莉泡沫染发巧克力棕6n-8
爱茉莉泡沫褪色剂 (8),8809925151109,韩国精选,17.50,17.50,https://slptrading.com.au/products/爱茉莉泡沫褪色剂-8
Torriden 桃瑞丹玻尿酸保湿洗面奶 150ML,8809784600404,韩国精选,18.50,13.80,https://slptrading.com.au/products/torriden-桃瑞丹玻尿酸保湿洗面奶-150ml-2027-11
爱茉莉泡沫染发剂深巧克力3NT (8),8809925150348,韩国精选,17.50,17.50,https://slptrading.com.au/products/爱茉莉泡沫染发剂深巧克力3nt-8
爱茉莉泡沫染发烟灰色6A (8),8809925150393,韩国精选,17.50,17.50,https://slptrading.com.au/products/爱茉莉泡沫染发烟灰色6a-8
SNP金色胶原蛋白睡眠面膜 20包,8809458846824,韩国精选,15.00,15.00,https://slptrading.com.au/products/snp金色胶原蛋白睡眠面膜-20包
爱茉莉泡沫染发剂深海蓝4B (8),8809925150409,韩国精选,17.50,17.50,https://slptrading.com.au/products/爱茉莉泡沫染发剂深海蓝4b-8
JM Solution 莹润蜂胶面膜 5片入（26.06）,8809794735189,韩国精选,7.80,7.80,https://slptrading.com.au/products/jm-solution-莹润蜂胶面膜-5片入
爱敬全能气垫 13号亮白色,8801046353400,韩国精选,23.00,23.00,https://slptrading.com.au/products/爱敬全能气垫粉色13号色
SNP海洋燕窝补水睡眠面膜 20包,8809458846374,韩国精选,15.00,15.00,https://slptrading.com.au/products/snp海洋燕窝补水睡眠面膜-20包
SNP 钻石提亮精华面膜 10片入（28.01）,8809237825279,韩国精选,12.00,12.00,https://slptrading.com.au/products/snp-钻石提亮精华面膜-10片入-28-01
Torriden 桃瑞丹积雪草提亮防晒霜 SPF50+ 60ML,8809784601371,韩国精选,20.00,20.00,https://slptrading.com.au/products/torriden-桃瑞丹积雪草提亮防晒霜-spf50-60ml
爱茉莉泡沫染发剂深灰色5A (8),8809925150331,韩国精选,17.50,17.50,https://slptrading.com.au/products/爱茉莉泡沫染发剂深灰色5a-8
AHC 玫瑰金精华bb素颜霜 SPF30 PA++ 50G,8809611681279,韩国精选,21.00,21.00,https://slptrading.com.au/products/ahc-玫瑰金精华bb素颜霜-spf30-pa-50g
SNP 钻石玻尿酸补水睡眠面膜 20包 （）,8809458846817,韩国精选,15.00,15.00,https://slptrading.com.au/products/snp-钻石玻尿酸补水睡眠面膜-20包
JM白珍珠防晒喷雾180ml （12.27）,8809505541924,韩国精选,15.00,15.00,https://slptrading.com.au/products/jm白珍珠防晒喷雾180ml
JAYJUN 捷俊防雾霾面膜 白色紧致亮白 10片入,8809495893874,韩国精选,17.50,17.50,https://slptrading.com.au/products/jayjun-捷俊防雾霾面膜-白色紧致亮白-10片入
Hexkin 赫诗琴回头霜发光粉底液 50ML (27.12.18),7987426001028,韩国精选,15.00,15.00,https://slptrading.com.au/products/hexkin-赫诗琴回头霜发光粉底液-50ml-27-12-18
AHC 大长今双肽眼霜 40ML （27.11）,8809611683273,韩国精选,19.50,19.50,https://slptrading.com.au/products/ahc-大长今双肽眼霜-40ml-27-11
JAYJUN 捷俊防雾霾面膜 绿色净透舒缓 10片入,8809495893850,韩国精选,17.50,17.50,https://slptrading.com.au/products/jayjun-捷俊防雾霾面膜-绿色净透舒缓-10片入
SNP 黑珍珠安瓶精华补水面膜 10片入（27.05）,8809237828027,韩国精选,12.00,12.00,https://slptrading.com.au/products/snp-黑珍珠安瓶精华补水面膜-10片入-27-05
涂酷三色修容 摩登款（26.09.27）,8809658626615,韩国精选,18.00,18.00,https://slptrading.com.au/products/涂酷三色修容-摩登款-26-09-27
爱丽小屋眉笔 05浅灰色（26.12.25）,8806199416224,韩国精选,5.00,5.00,https://slptrading.com.au/products/爱丽小屋眉笔-05浅灰色
JAYJUN 捷俊玫瑰水光面膜 10片入,8809495894086,韩国精选,14.00,14.00,https://slptrading.com.au/products/jayjun-捷俊玫瑰水光面膜-10片入
Prreti:Baby 足跟滋养贴 10片入,8809411189074,韩国精选,7.20,7.20,https://slptrading.com.au/products/prreti-baby-足跟滋养贴-10片入
德玛贝尔紫苏水光软膜1kg（26.10）,8809645780870,韩国精选,21.50,21.50,https://slptrading.com.au/products/德玛贝尔紫苏水光软膜1kg
LINDSAY 林赛薰衣草软膜粉 紫色 28g,8809371140993,韩国精选,3.00,3.00,https://slptrading.com.au/products/lindsay-林赛薰衣草软膜粉-紫色-28g
MediPeel美帝菲蓝色妖姬软膜,8809409340876,韩国精选,41.00,41.00,https://slptrading.com.au/products/medipeel美帝菲蓝色妖姬软膜
JM 黑珍珠三部曲面膜 10片,8809505544048,韩国精选,10.50,10.50,https://slptrading.com.au/products/jm-黑珍珠三部曲面膜-10片
德玛贝尔海藻水光软膜1kg（26.08）,8809645780436,韩国精选,21.50,21.50,https://slptrading.com.au/products/德玛贝尔海藻水光软膜1kg
郑瑄茉雾面控油气垫#19 LIGHT,8809826710955,韩国精选,36.00,36.00,https://slptrading.com.au/products/郑瑄茉雾面控油气垫-19-light
芭妮兰卸妆膏 100ml,8809759908283,韩国精选,20.00,20.00,https://slptrading.com.au/products/芭妮兰卸妆膏-100ml
KIRIN 午后红茶 奶茶 1.5L x 8（26.08）,4909411086299,食品类/Food,24.80,24.80,https://slptrading.com.au/products/kirin-午后红茶-奶茶-1-5l-x-8-25年1月
广记商行味霸 500G （箱规：12）（27.03.25）,4965078102123,食品类/Food,138.00,11.65,https://slptrading.com.au/products/广记商行味霸-500g
UHA 味觉糖 特浓原味奶糖 88g（6袋）（26.08）,4902750910454,食品类/Food,19.90,19.90,https://slptrading.com.au/products/uha味觉糖特浓原味奶糖88g-25-04
龙角散润喉糖 蓝莓味 75g （箱规：10包）（26.11）,4987240631422,食品类/Food,37.00,3.10,https://slptrading.com.au/products/龙角散润喉糖-蓝莓味-75g-10包-组-2025-01
YBC 草莓夹心蛋卷 （10盒）（26.07）,4903015188137,食品类/Food,16.60,16.60,https://slptrading.com.au/products/ybc-草莓夹心蛋卷-10个入
POCKY 级细巧克力棒 2袋入（10盒）（26.06）,4901005009134,食品类/Food,27.00,2.70,https://slptrading.com.au/products/pocky-级细巧克力棒-2袋入
和光堂 中式蔬菜炖鸡肉盖浇 9月+ 100g（26.04）,4987244192158,食品类/Food,2.30,2.30,https://slptrading.com.au/products/和光堂-中式蔬菜炖鸡肉盖浇-9月-100g
KIRIN 麒麟生茶 525ML （24）（26.05）,4909411091903,食品类/Food,40.00,40.00,https://slptrading.com.au/products/kirin-麒麟生茶-525ml-24
和光堂 红薯南瓜炖菜 12月+ 80g（26.05）,4987244196118,食品类/Food,2.30,2.30,https://slptrading.com.au/products/和光堂-红薯南瓜炖菜-12月-80g-2024-11
和光堂松饼粉 菠菜味 100g 24/箱（26.06）,4987244183880,食品类/Food,3.80,3.80,https://slptrading.com.au/products/和光堂松饼粉-菠菜味-100g-24-箱-25-06
龙角散润喉糖 原味10枚入 （盒规：10）（26.12）,4987240618614,食品类/Food,18.00,18.00,https://slptrading.com.au/products/龙角散润喉糖-原味10枚入-10
和光堂 蔬菜红松豆腐饼 12月+ 80g（26.04）,4987244196095,食品类/Food,2.30,2.30,https://slptrading.com.au/products/和光堂-蔬菜红松豆腐饼-12月-80g-2024-10
龙角散润喉糖蜂蜜牛奶味 88g（6袋）（26.10）,4987240618706,食品类/Food,22.20,3.10,https://slptrading.com.au/products/龙角散润喉糖蜂蜜牛奶味-88g
YBC 巧克力夹心蛋卷 （10盒）（26.07）,4903015188120,食品类/Food,16.60,16.60,https://slptrading.com.au/products/ybc-巧克力夹心蛋卷-10个入
龙角散润喉糖 薄荷味 88g （6袋）（26.12）,4987240618607,食品类/Food,22.20,3.10,https://slptrading.com.au/products/龙角散润喉糖-薄荷味-88g-6包-组-2025-03
和光堂 肉丸蔬菜面 9月+ 100g（26.05）,4987244192172,食品类/Food,2.30,2.30,https://slptrading.com.au/products/和光堂-肉丸蔬菜面-9月-100g-2024-11
龙角散润喉糖 原味 100g 10包/组（10袋）（26.12）,4987240631415,食品类/Food,37.00,3.10,https://slptrading.com.au/products/龙角散润喉糖-原味-100g-10包-组-2025-03
和光堂 海鲜蔬菜烩饭 9月+ 100g（26.03）,4987244192189,食品类/Food,2.30,2.30,https://slptrading.com.au/products/和光堂-海鲜蔬菜烩饭-9月-100g
Kanro 心形软糖 柠檬味 56g（6袋）（26.05）,4901351058626,食品类/Food,12.00,12.00,https://slptrading.com.au/products/kanro-心形软糖-柠檬味-56g-x-6-24-06
三得利 BOSS黑咖啡饮料 185g×30（26.09）,4901777204980,食品类/Food,40.00,40.00,https://slptrading.com.au/products/三得利-boss黑咖啡饮料-185g-30
龙角散润喉糖 牛奶蜂蜜10枚入 （盒规：10）（26.08）,4987240618690,食品类/Food,18.00,18.00,https://slptrading.com.au/products/龙角散润喉糖-牛奶蜂蜜10枚入-10
和光堂 儿童日式高汤 5月+ 2.5gx10P（26.05）,4987244196408,食品类/Food,3.60,3.60,https://slptrading.com.au/products/和光堂-儿童日式高汤-5月-2-5gx10p
KIRIN 麒麟午后红茶 无糖 500ML（24）（26.05）,4909411085650,食品类/Food,40.00,40.00,https://slptrading.com.au/products/kirin-麒麟午后红茶-无糖-500ml-24
KANRO甘乐 Pure心形果汁酸甜软糖 青葡萄味 56g（6袋）（26.05）,4901351058640,食品类/Food,12.00,12.00,https://slptrading.com.au/products/kanro甘乐-pure心形果汁酸甜软糖-青葡萄味-56g-x-6-24-06
三得利 BOSS欧蕾咖啡 185g×30（26.09）,4901777235434,食品类/Food,40.00,40.00,https://slptrading.com.au/products/三得利-boss欧蕾咖啡-185g-30
KANRO甘乐 Pure心形果汁酸甜软糖 紫葡萄味 56g（6袋）（26.05）,4901351058633,食品类/Food,12.00,12.00,https://slptrading.com.au/products/kanro甘乐-pure心形果汁酸甜软糖-紫葡萄味-56g-x-6-24-06
POCKY 60%浓香可可巧克力棒 2袋入（10盒）（26.06）,4901005512696,食品类/Food,27.00,2.70,https://slptrading.com.au/products/pocky-60-浓香可可巧克力棒-2袋入
味之素火锅调料 鸡汤味（8）（26.8）,4901001667543,食品类/Food,36.00,36.00,https://slptrading.com.au/products/味之素火锅调料-鸡汤味
三得利 BOSS彩虹山咖啡 185g×30（26.09）,4901777235298,食品类/Food,40.00,40.00,https://slptrading.com.au/products/三得利-boss彩虹山咖啡-185g-30
KIRIN 麒麟午后红茶 原味 500ML （24）（26.08）,4909411084790,食品类/Food,36.00,36.00,https://slptrading.com.au/products/kirin-麒麟午后红茶-原味-500ml-24
UHA 味觉糖 特浓红豆味 93g（6袋）（26.08）,4902750865037,食品类/Food,21.00,21.00,https://slptrading.com.au/products/uha-味觉糖-特浓红豆味-93g-6
三得利 BOSS黄金微糖咖啡 185g×30（26.09）,4901777235335,食品类/Food,40.00,40.00,https://slptrading.com.au/products/三得利-boss黄金微糖咖啡185g-30
